DATE,FIRECOUNT,WD,RH,WS,AT,CONST,GSDP,GSVA,GSDP_CAP,HDI,CO,NO2,PM25,PM10,SO2
01-09-2016,0,NaN,NaN,NaN,NaN,1,616085,531175,326005,0.729,0.96,41.93,23.26,53.67,9.04
02-09-2016,1,NaN,NaN,NaN,NaN,1,616085,531175,326005,0.729,0.9,40.43,47.88,100.89,9.62
03-09-2016,1,NaN,NaN,NaN,NaN,1,616085,531175,326005,0.729,1.03,36.91,46.4,112.5,8.57
04-09-2016,3,NaN,NaN,NaN,NaN,1,616085,531175,326005,0.729,0.56,28.18,51,123.7,9.14
05-09-2016,2,NaN,NaN,NaN,NaN,1,616085,531175,326005,0.729,0.6,27.96,48.08,118.78,8.22
06-09-2016,7,NaN,NaN,NaN,NaN,1,616085,531175,326005,0.729,0.6,29.5,53,137.53,10.73
07-09-2016,3,NaN,NaN,NaN,NaN,1,616085,531175,326005,0.729,0.83,35.82,63.94,155.79,14.87
08-09-2016,12,NaN,NaN,NaN,NaN,1,616085,531175,326005,0.729,0.91,36.76,61.46,155.43,17.56
09-09-2016,8,NaN,NaN,NaN,NaN,1,616085,531175,326005,0.729,0.92,38.2,58.93,147.09,16.5
10-09-2016,3,NaN,NaN,NaN,NaN,1,616085,531175,326005,0.729,0.9,33.4,50.18,116.7,16.11
11-09-2016,3,NaN,NaN,NaN,NaN,1,616085,531175,326005,0.729,0.95,34.67,46.1,103.61,17.05
12-09-2016,1,NaN,NaN,NaN,NaN,1,616085,531175,326005,0.729,0.88,38.9,52.57,128.03,12.1
13-09-2016,6,NaN,NaN,NaN,NaN,1,616085,531175,326005,0.729,1.06,44.48,60.96,125.52,16.32
14-09-2016,7,NaN,NaN,NaN,NaN,1,616085,531175,326005,0.729,1.67,44.01,55.83,103.02,20
15-09-2016,10,NaN,NaN,NaN,NaN,1,616085,531175,326005,0.729,1.39,61.89,77.42,153.5,13.96
16-09-2016,13,NaN,NaN,NaN,NaN,1,616085,531175,326005,0.729,1.3,61.9,67.44,134.31,17.93
17-09-2016,4,NaN,NaN,NaN,NaN,1,616085,531175,326005,0.729,1.66,74.54,92.44,183.49,17.7
18-09-2016,18,NaN,NaN,NaN,NaN,1,616085,531175,326005,0.729,1.4,60.06,91.5,174.33,14.98
19-09-2016,24,NaN,NaN,NaN,NaN,1,616085,531175,326005,0.729,1.77,68.1,86.63,163.51,20.53
20-09-2016,32,NaN,NaN,NaN,NaN,1,616085,531175,326005,0.729,2.72,83.23,102.68,199.02,15.44
21-09-2016,13,NaN,NaN,NaN,NaN,1,616085,531175,326005,0.729,2.07,63.7,81.35,165.18,8.94
22-09-2016,10,NaN,NaN,NaN,NaN,1,616085,531175,326005,0.729,1.44,40.21,32.7,71.35,13.97
23-09-2016,31,NaN,NaN,NaN,NaN,1,616085,531175,326005,0.729,1.67,46.56,46.18,90.6,15.67
24-09-2016,56,NaN,NaN,NaN,NaN,1,616085,531175,326005,0.729,2.26,66.49,66.83,154.61,17.09
25-09-2016,72,NaN,NaN,NaN,NaN,1,616085,531175,326005,0.729,2.17,55.28,59.99,127.56,15.05
26-09-2016,44,236.92,69.54,0.58,27.15,1,616085,531175,326005,0.729,2.65,65.84,86.34,176.54,15.51
27-09-2016,9,205.53,80.83,0.44,23.95,1,616085,531175,326005,0.729,1.43,30.67,47.9,89.77,15.18
28-09-2016,24,261.82,59.35,0.54,28.93,1,616085,531175,326005,0.729,2.69,111.98,107.93,223.65,12.52
29-09-2016,30,187.98,65.88,0.9,28.76,1,616085,531175,326005,0.729,1.91,64.61,99.65,196.75,17.58
30-09-2016,85,239.77,66.48,0.65,28.48,1,616085,531175,326005,0.729,2.24,68.5,82.61,166.1,18.12
01-10-2016,138,217.89,67.23,0.75,28.98,1,616085,531175,326005,0.729,2.92,68.89,113.63,224.85,20.48
02-10-2016,66,205.76,68.99,0.88,29.04,1,616085,531175,326005,0.729,2.86,60.28,89.68,184.33,20.26
03-10-2016,45,245.64,67.63,0.76,29.64,1,616085,531175,326005,0.729,2.52,69.59,97.02,188.97,12.67
04-10-2016,43,240.22,77.79,0.66,26.52,1,616085,531175,326005,0.729,2.12,78.32,121.33,228.35,13.51
05-10-2016,106,247.02,80.25,0.48,25.09,1,616085,531175,326005,0.729,2.49,85.64,76.35,157.9,17.27
06-10-2016,248,249.19,75.62,0.52,26.5,1,616085,531175,326005,0.729,2.35,90.52,104.47,216.8,15.4
07-10-2016,271,249.73,69.38,0.93,26.83,1,616085,531175,326005,0.729,2.89,78.16,111.02,225.06,21.99
08-10-2016,140,250.34,66.08,0.91,26.52,1,616085,531175,326005,0.729,3.11,77.11,118.7,242.16,14.07
09-10-2016,363,231.46,68.41,0.6,25.81,1,616085,531175,326005,0.729,3.35,99.47,140.08,282.64,13.51
10-10-2016,560,257.38,61.28,0.74,25.55,1,616085,531175,326005,0.729,2.46,92.18,112.57,241.92,13.21
11-10-2016,899,250.21,61.45,0.95,24.57,1,616085,531175,326005,0.729,2.71,80.22,128.25,292.72,17.6
12-10-2016,825,250.21,54.92,1.01,24.3,1,616085,531175,326005,0.729,2.42,80.85,109.83,242.78,17.25
13-10-2016,679,245.89,47.72,1.21,24.4,1,616085,531175,326005,0.729,3.92,78.14,94.24,239.62,19.71
14-10-2016,993,264.77,51.47,0.91,23.74,1,616085,531175,326005,0.729,2.81,82.76,94.06,226.01,18.83
15-10-2016,1176,256.33,55.43,0.84,22.66,1,616085,531175,326005,0.729,3.43,100.4,143.59,317.09,18.22
16-10-2016,1732,250.42,51.71,0.9,23.42,1,616085,531175,326005,0.729,3.36,79.02,122.68,268.22,27.57
17-10-2016,1890,251.47,52.88,0.8,22.77,1,616085,531175,326005,0.729,3.86,91.23,142.59,318.53,29.44
18-10-2016,1220,253.37,52.59,0.87,22.85,1,616085,531175,326005,0.729,3.64,92.56,150.03,342.57,26.79
19-10-2016,1367,250.83,51.45,0.79,23.04,1,616085,531175,326005,0.729,3.64,87.91,144.3,333.46,27.42
20-10-2016,1241,244.57,49.4,0.88,23.17,1,616085,531175,326005,0.729,3.3,77.32,123,319.89,21.73
21-10-2016,1678,253.06,48.66,1.06,23.46,1,616085,531175,326005,0.729,2.6,70.07,119.99,321.18,27.31
22-10-2016,2802,244.07,50.69,1.14,23.88,1,616085,531175,326005,0.729,2.64,68.58,122.02,334.66,24.51
23-10-2016,2122,249.35,51.69,1.07,22.88,1,616085,531175,326005,0.729,2.11,80.53,159.28,336.8,18.5
24-10-2016,1291,254.55,49.83,1.03,22.9,1,616085,531175,326005,0.729,3.36,80.73,151.79,354.14,31.53
25-10-2016,1955,252.17,51.18,1.19,22.77,1,616085,531175,326005,0.729,3.11,69.87,120.13,310.51,27.32
26-10-2016,2568,242.98,57.1,0.73,22.28,1,616085,531175,326005,0.729,4.23,99.83,180.85,401.24,32.9
27-10-2016,3158,260.76,57.86,0.84,21.11,1,616085,531175,326005,0.729,3.83,110.04,261.37,541,22.89
28-10-2016,2930,263.91,56.04,0.82,20.06,1,616085,531175,326005,0.729,4.36,96.53,274.43,574.93,25.18
29-10-2016,2112,229.67,60.93,0.45,19.65,1,616085,531175,326005,0.729,4.93,148.11,297.08,619.4,34.38
30-10-2016,1447,220.74,66.54,0.55,19.66,1,616085,531175,326005,0.729,3.83,106.07,284.68,571.14,43.63
31-10-2016,5411,244.69,67.79,0.49,19.22,1,616085,531175,326005,0.729,4.1,108.29,473.26,931.17,65.57
01-11-2016,5222,255.86,64.91,0.57,19.09,1,616085,531175,326005,0.729,3.82,119.72,342.12,607.1,30.13
02-11-2016,3369,249.99,68.99,0.48,19.07,1,616085,531175,326005,0.729,4.85,150.33,521.63,895.29,27.44
03-11-2016,4029,233.33,66.84,0.51,19.7,1,616085,531175,326005,0.729,5.37,142.69,469.34,814.89,32.56
04-11-2016,3412,250.28,65.63,0.6,19.13,1,616085,531175,326005,0.729,4.16,124.54,294.16,548.32,26.54
05-11-2016,4395,258.57,71.45,0.67,17.87,1,616085,531175,326005,0.729,5.66,121.17,621.36,NaN,28.59
06-11-2016,6184,236.72,74.69,0.44,16.83,1,616085,531175,326005,0.729,6.59,140.31,713.12,NaN,26.61
07-11-2016,8539,238.72,62.75,0.99,19.09,1,616085,531175,326005,0.729,3.88,96.83,427.38,715.26,28.5
08-11-2016,4220,244.9,51.71,1.33,19.37,1,616085,531175,326005,0.729,2.78,100.65,306.79,547.54,25.8
09-11-2016,3959,255.36,56.35,0.74,16.63,1,616085,531175,326005,0.729,3.16,104.85,263.69,482.83,31.2
10-11-2016,2983,242.81,56.34,0.55,16.99,1,616085,531175,326005,0.729,4.32,130.53,265.49,547.82,34.66
11-11-2016,4238,225.53,63.57,0.68,16.69,1,616085,531175,326005,0.729,5.04,119.25,283.69,557.01,40.42
12-11-2016,2066,211.36,65.96,0.66,16.99,1,616085,531175,326005,0.729,4.23,100.41,264.67,475.99,25.29
13-11-2016,1028,215.25,62.73,0.69,17.93,1,616085,531175,326005,0.729,3.42,102.59,189.1,357.38,33.93
14-11-2016,687,264.41,57.01,0.49,17.27,1,616085,531175,326005,0.729,7.32,130.47,219.91,441.34,34.04
15-11-2016,855,258.19,58.72,0.66,16.35,1,616085,531175,326005,0.729,3.36,134.12,219.02,436.57,25.66
16-11-2016,991,259.32,55.59,0.8,15.7,1,616085,531175,326005,0.729,2.97,122.94,229.22,451.33,32.01
17-11-2016,1049,234.78,51.06,1.03,16.69,1,616085,531175,326005,0.729,2.04,111.43,207.88,426.68,32.9
18-11-2016,694,259.89,55.06,0.88,15.89,1,616085,531175,326005,0.729,2.67,119.47,207.68,462.49,32.73
19-11-2016,349,249.45,59.02,0.62,15.54,1,616085,531175,326005,0.729,3.74,129.83,242.01,487.52,36.69
20-11-2016,360,223.23,63.73,0.63,15.58,1,616085,531175,326005,0.729,4.12,114,231.81,452.08,33.6
21-11-2016,210,234.06,72.5,0.52,12.74,1,616085,531175,326005,0.729,4.24,111.12,219.36,455.5,33.06
22-11-2016,214,239.83,50.76,0.89,17.96,1,616085,531175,326005,0.729,4.1,105.9,136.46,319.93,39.36
23-11-2016,126,257.04,58.81,0.78,16.47,1,616085,531175,326005,0.729,4.1,106.13,188.09,415.77,32.79
24-11-2016,61,253.78,55.91,1,16.91,1,616085,531175,326005,0.729,3.91,117.04,198.29,424.28,34.83
25-11-2016,71,255.53,34.22,2.26,20.63,1,616085,531175,326005,0.729,1.23,72.06,156.16,391.56,34.52
26-11-2016,56,247.59,35.04,1.97,21.29,1,616085,531175,326005,0.729,1.18,75.75,122.16,293.92,38.05
27-11-2016,104,249.8,37.48,1.64,20.45,1,616085,531175,326005,0.729,1.34,74.71,33.11,255.4,34.33
28-11-2016,111,259.97,41.29,1.25,17.11,1,616085,531175,326005,0.729,2.58,90.83,81.48,320.85,48.24
29-11-2016,27,245.09,59.74,0.47,14.66,1,616085,531175,326005,0.729,4.46,144.12,134.28,477.4,37.13
30-11-2016,40,188.25,77.46,0.84,15.97,1,616085,531175,326005,0.729,3.65,86.47,110.31,391.1,25.25
01-12-2016,58,199.8,82.67,0.61,15.21,1,616085,531175,326005,0.729,3.67,66.52,224.01,421.31,25.78
02-12-2016,191,231.39,79.62,0.63,14.82,1,616085,531175,326005,0.729,2.82,102.73,225.33,446.15,26.73
03-12-2016,215,223.74,78.37,0.78,13.44,1,616085,531175,326005,0.729,3.25,108.09,182.83,365.43,34.83
04-12-2016,279,278.1,51.89,0.6,15.35,1,616085,531175,326005,0.729,3.52,105.51,207.66,385.02,29.53
05-12-2016,161,267.48,60.91,0.67,13.87,1,616085,531175,326005,0.729,2.97,100.57,183.14,378.51,37.29
06-12-2016,87,206.22,71.93,0.53,13.1,1,616085,531175,326005,0.729,3.48,132.82,270.37,474.99,36.55
07-12-2016,189,216.93,76.45,0.5,13.51,1,616085,531175,326005,0.729,3.34,111.99,253.25,432.08,28.33
08-12-2016,232,193.16,77.99,0.6,11.59,1,616085,531175,326005,0.729,3.64,85.68,220.31,354.56,30.78
09-12-2016,248,209.76,71.93,0.61,13.84,1,616085,531175,326005,0.729,4.31,93.9,271.05,469.24,31.61
10-12-2016,3,133.55,80.49,1.37,13.06,1,616085,531175,326005,0.729,2.35,82.55,175.39,269.88,28.28
11-12-2016,19,210.85,76.01,0.87,14.82,1,616085,531175,326005,0.729,3.37,80.51,195.34,316.39,33.02
12-12-2016,8,246.03,65.66,0.64,15.29,1,616085,531175,326005,0.729,3.67,83.24,194.74,358.19,31.05
13-12-2016,39,251.72,64.92,0.75,14.9,1,616085,531175,326005,0.729,4,88.6,239.28,434.85,27.51
14-12-2016,46,248.74,66.68,0.95,13.5,1,616085,531175,326005,0.729,2.27,75.82,149.55,319.96,22.21
15-12-2016,23,241.49,64.74,1.06,12.81,1,616085,531175,326005,0.729,2.91,78.23,191.21,381.71,28.31
16-12-2016,77,251.59,64.15,0.7,11.42,1,616085,531175,326005,0.729,3.88,97.14,210.26,409.33,41.76
17-12-2016,104,251.17,69.81,0.7,10.94,1,616085,531175,326005,0.729,3.03,94.43,243.13,422.47,30.44
18-12-2016,71,247.95,68.32,0.71,10.63,1,616085,531175,326005,0.729,3.58,84.69,271.98,415.94,31.77
19-12-2016,157,234.97,65.94,1.07,12.36,1,616085,531175,326005,0.729,2.04,88.23,230.61,364.4,32.45
20-12-2016,103,247.93,56.78,1.71,15.26,1,616085,531175,326005,0.729,1.49,70.54,159.65,286.51,36.29
21-12-2016,274,237.99,56.05,1.49,14.25,1,616085,531175,326005,0.729,1.81,64.54,128.87,314.27,34.22
22-12-2016,91,251.95,61.46,0.83,12.48,1,616085,531175,326005,0.729,3.46,79.47,197.21,393.06,39.91
23-12-2016,53,229.29,72.19,0.54,11.58,1,616085,531175,326005,0.729,6.07,114.67,30.98,634.36,29.65
24-12-2016,85,163.73,74.51,1.05,12.41,1,616085,531175,326005,0.729,4.13,100.43,NaN,589.85,25.93
25-12-2016,36,218.3,81.16,1.41,11.37,1,616085,531175,326005,0.729,1.99,68.23,NaN,332.34,24.36
26-12-2016,25,254.94,71.93,1.1,12.9,1,616085,531175,326005,0.729,1.67,69.7,NaN,246.46,24.46
27-12-2016,25,251.89,79.86,0.8,8.45,1,616085,531175,326005,0.729,3.86,84.43,NaN,353.43,26.36
28-12-2016,55,236.64,63.86,0.66,11.78,1,616085,531175,326005,0.729,4.37,91.71,16.83,433.19,27.64
29-12-2016,86,159.09,75.79,1.42,10.92,1,616085,531175,326005,0.729,3.24,69.71,66.12,428.35,22.41
30-12-2016,81,133.73,70.31,1.79,13.79,1,616085,531175,326005,0.729,2.18,55.78,NaN,306.32,25.7
31-12-2016,38,156.46,75.75,1.49,12.54,1,616085,531175,326005,0.729,1.9,43.84,NaN,288.15,27.49
01-09-2017,0,215.94,83.94,0.91,25.75,1,677900,586900,351663,0.74,0,NaN,NaN,NaN,NaN
02-09-2017,1,246.9,82.8,0.88,25.05,1,677900,586900,351663,0.74,NaN,NaN,NaN,NaN,NaN
03-09-2017,2,256.35,74.73,0.95,27.4,1,677900,586900,351663,0.74,0,NaN,NaN,NaN,NaN
04-09-2017,2,257.41,72.14,1.21,28.46,1,677900,586900,351663,0.74,0,NaN,NaN,NaN,NaN
05-09-2017,1,256.8,67.05,1.21,28.37,1,677900,586900,351663,0.74,0,NaN,NaN,NaN,NaN
06-09-2017,0,238.25,67.43,1.19,28.41,1,677900,586900,351663,0.74,0,NaN,NaN,NaN,NaN
07-09-2017,1,234.87,75.82,1.03,26.35,1,677900,586900,351663,0.74,0,NaN,NaN,NaN,NaN
08-09-2017,2,275.78,70.41,0.92,28.23,1,677900,586900,351663,0.74,0,NaN,NaN,NaN,NaN
09-09-2017,3,264.86,71.54,0.97,28.07,1,677900,586900,351663,0.74,0,NaN,NaN,NaN,NaN
10-09-2017,5,257.31,67.52,0.75,29.03,1,677900,586900,351663,0.74,0,NaN,NaN,NaN,NaN
11-09-2017,2,260.99,67.39,0.85,28.63,1,677900,586900,351663,0.74,0,NaN,NaN,NaN,NaN
12-09-2017,3,268.94,66.71,0.98,28.54,1,677900,586900,351663,0.74,0,NaN,NaN,NaN,NaN
13-09-2017,2,262.45,67.84,0.78,28.86,1,677900,586900,351663,0.74,0,NaN,NaN,NaN,NaN
14-09-2017,1,263.65,70.52,0.58,28.73,1,677900,586900,351663,0.74,0,NaN,NaN,NaN,NaN
15-09-2017,0,271.34,61.47,0.88,29.72,1,677900,586900,351663,0.74,0,NaN,NaN,NaN,NaN
16-09-2017,0,270.23,70.17,0.71,27.03,1,677900,586900,351663,0.74,0,NaN,NaN,NaN,NaN
17-09-2017,10,269.73,64.81,1.16,28.19,1,677900,586900,351663,0.74,0,NaN,NaN,NaN,NaN
18-09-2017,14,268.06,59.9,1.28,29.22,1,677900,586900,351663,0.74,0,NaN,NaN,NaN,NaN
19-09-2017,20,264.1,58.61,0.69,28.98,1,677900,586900,351663,0.74,0,NaN,NaN,NaN,NaN
20-09-2017,20,246.14,62.16,0.69,27.53,1,677900,586900,351663,0.74,0,NaN,NaN,NaN,NaN
21-09-2017,7,164.67,69.14,1.53,27.62,1,677900,586900,351663,0.74,0,NaN,NaN,NaN,NaN
22-09-2017,2,186.7,82.57,1.2,23.84,1,677900,586900,351663,0.74,0,NaN,NaN,NaN,NaN
23-09-2017,3,264.51,89.99,0.93,22.34,1,677900,586900,351663,0.74,0,NaN,NaN,NaN,NaN
24-09-2017,9,278.96,80.52,1.14,24.42,1,677900,586900,351663,0.74,0,NaN,NaN,NaN,NaN
25-09-2017,10,255.94,73.94,0.87,26.5,1,677900,586900,351663,0.74,0,NaN,NaN,NaN,NaN
26-09-2017,19,256.49,72.55,0.82,26.68,1,677900,586900,351663,0.74,0,NaN,NaN,NaN,NaN
27-09-2017,42,243.51,69.18,0.57,26.68,1,677900,586900,351663,0.74,0,NaN,NaN,NaN,NaN
28-09-2017,64,262.34,69.06,0.57,26.64,1,677900,586900,351663,0.74,0,NaN,NaN,NaN,NaN
29-09-2017,36,259.6,68.7,0.74,26.62,1,677900,586900,351663,0.74,0,NaN,NaN,NaN,NaN
30-09-2017,60,256.56,64.78,0.88,26.05,1,677900,586900,351663,0.74,0,NaN,NaN,NaN,NaN
01-10-2017,66,259.01,62.14,0.81,25.32,1,677900,586900,351663,0.74,0,NaN,NaN,NaN,NaN
02-10-2017,70,251.82,56.85,1.03,25.93,1,677900,586900,351663,0.74,0,NaN,NaN,NaN,NaN
03-10-2017,100,262.48,62.98,0.82,25.51,1,677900,586900,351663,0.74,0,NaN,NaN,NaN,NaN
04-10-2017,131,260.34,61.97,0.84,26.63,1,677900,586900,351663,0.74,0,NaN,NaN,NaN,NaN
05-10-2017,153,274.59,55.68,0.92,27.76,1,677900,586900,351663,0.74,0,NaN,NaN,NaN,NaN
06-10-2017,149,272.64,49.58,0.88,27.61,1,677900,586900,351663,0.74,0,NaN,NaN,NaN,NaN
07-10-2017,185,270.25,58.8,0.7,25.89,1,677900,586900,351663,0.74,0,NaN,NaN,NaN,NaN
08-10-2017,347,272.47,66.89,0.56,25.1,1,677900,586900,351663,0.74,0,NaN,NaN,NaN,NaN
09-10-2017,288,243.03,64.02,0.56,25.16,1,677900,586900,351663,0.74,0,NaN,NaN,NaN,NaN
10-10-2017,290,251.09,64.96,0.56,25.02,1,677900,586900,351663,0.74,0,NaN,NaN,NaN,NaN
11-10-2017,171,234.43,66.02,0.62,25.14,1,677900,586900,351663,0.74,0,NaN,NaN,NaN,NaN
12-10-2017,446,247.89,66.78,0.55,24.5,1,677900,586900,351663,0.74,0,NaN,NaN,NaN,NaN
13-10-2017,445,269.5,63.24,0.79,24.51,1,677900,586900,351663,0.74,0,NaN,NaN,NaN,NaN
14-10-2017,865,251.87,61.96,0.57,24.35,1,677900,586900,351663,0.74,0,NaN,NaN,NaN,NaN
15-10-2017,1095,240.67,60.9,0.61,23.6,1,677900,586900,351663,0.74,0,NaN,NaN,NaN,NaN
16-10-2017,549,32.33,16.35,0.54,23.77,1,677900,586900,351663,0.74,2.12,109.57,NaN,NaN,45.69
17-10-2017,936,0.03,0.6,0.77,23.18,1,677900,586900,351663,0.74,3.21,103.27,NaN,NaN,30.83
18-10-2017,956,NaN,NaN,0.59,21.05,1,677900,586900,351663,0.74,2.66,98.05,NaN,NaN,46.13
19-10-2017,1957,NaN,NaN,0.5,24.09,1,677900,586900,351663,0.74,1.27,37.97,NaN,NaN,10.35
20-10-2017,2349,NaN,NaN,0.45,23.15,1,677900,586900,351663,0.74,2.15,48.61,NaN,NaN,28.3
21-10-2017,1305,NaN,NaN,0.44,14.93,1,677900,586900,351663,0.74,1.61,56.31,NaN,NaN,19.94
22-10-2017,999,NaN,NaN,0.05,3.03,1,677900,586900,351663,0.74,1.84,45.06,NaN,NaN,16.01
23-10-2017,1069,97.24,20.07,0.48,22.26,1,677900,586900,351663,0.74,3.68,120.26,64.94,147.83,40.93
24-10-2017,1601,226.65,51.04,0.72,19.75,1,677900,586900,351663,0.74,2.67,97.16,187.79,379.67,29.2
25-10-2017,2044,NaN,NaN,NaN,NaN,1,677900,586900,351663,0.74,0,NaN,NaN,NaN,NaN
26-10-2017,1707,40.02,9.38,0.39,8.8,1,677900,586900,351663,0.74,0.28,13.38,39.6,72.02,11.23
27-10-2017,1346,51.4,13.46,0.36,9.04,1,677900,586900,351663,0.74,0.47,25.07,58.88,113.67,16.23
28-10-2017,2542,NaN,NaN,NaN,NaN,1,677900,586900,351663,0.74,0,NaN,NaN,NaN,NaN
29-10-2017,3164,8.71,1.28,0.03,1.3,1,677900,586900,351663,0.74,0.05,2.87,7.12,14.71,1.64
30-10-2017,3424,210.72,60.38,0.39,16.17,1,677900,586900,351663,0.74,0.65,54.71,96.08,163.85,17.43
31-10-2017,3347,141.03,50.99,0.43,14.07,1,677900,586900,351663,0.74,2.63,64.35,157.4,198.48,15.1
01-11-2017,2603,90.13,30.94,0.43,13.15,1,677900,586900,351663,0.74,1.78,72.64,107.21,204.1,21.65
02-11-2017,1292,210.84,71.69,0.53,20.51,1,677900,586900,351663,0.74,3.11,116.12,181.88,330.08,31.1
03-11-2017,1904,101.48,33.75,0.23,10.12,1,677900,586900,351663,0.74,3.91,86.8,80.45,154.06,21.77
04-11-2017,5133,205.35,74.56,0.68,19.91,1,677900,586900,351663,0.74,3.83,81.15,243.46,384.75,25.44
05-11-2017,2517,230.54,69.75,0.49,19.87,1,677900,586900,351663,0.74,4.93,120.86,226.29,410.33,33.6
06-11-2017,185,262.46,68.55,0.58,19.37,1,677900,586900,351663,0.74,2.37,105.44,207.25,394.25,29.32
07-11-2017,439,252.66,70.85,0.53,18.78,1,677900,586900,351663,0.74,3.7,120.9,480.71,701.08,12.72
08-11-2017,2380,239.92,77.27,0.43,16.5,1,677900,586900,351663,0.74,4.67,165.01,658.04,545.46,37.05
09-11-2017,979,248.82,70.7,0.46,17.25,1,677900,586900,351663,0.74,3.99,147.98,410.04,816.5,22.1
10-11-2017,1998,240.72,70.69,0.45,17.01,1,677900,586900,351663,0.74,3.58,171.43,358.38,622.08,8.74
11-11-2017,128,246.24,71.53,0.41,16.41,1,677900,586900,351663,0.74,3.7,196.87,380.46,634.5,9.7
12-11-2017,24,239.17,71.99,0.45,16.41,1,677900,586900,351663,0.74,4.75,213.78,463,773.88,3.84
13-11-2017,260,209.52,72.41,0.56,16.27,1,677900,586900,351663,0.74,4.35,140.78,363.29,614.12,19.73
14-11-2017,1170,170.27,68.78,1.11,17.67,1,677900,586900,351663,0.74,3.88,113,286.58,473.29,17.23
15-11-2017,47,177.46,65.75,0.73,16.83,1,677900,586900,351663,0.74,3.39,100.18,220.54,387.04,19.17
16-11-2017,20,248.66,67.94,0.67,16.32,1,677900,586900,351663,0.74,2.8,103.39,213.12,368.42,37.33
17-11-2017,168,266.45,64.3,0.94,17.48,1,677900,586900,351663,0.74,1.98,89.06,156.32,274.09,37.12
18-11-2017,2242,269.85,55.73,1.11,20.09,1,677900,586900,351663,0.74,1.64,101.28,152.67,252,32.62
19-11-2017,2148,268.87,51,1.27,16.8,1,677900,586900,351663,0.74,1.66,80.52,142.54,250.17,31.8
20-11-2017,2211,257.46,49.8,0.98,14.59,1,677900,586900,351663,0.74,2.23,97.55,197.88,342.96,34.03
21-11-2017,1889,250.37,55.26,0.98,13.01,1,677900,586900,351663,0.74,1.96,88.36,203.92,343.17,25.22
22-11-2017,839,256.33,52.77,0.91,13.3,1,677900,586900,351663,0.74,1.99,94.26,190.17,346.92,38.48
23-11-2017,848,243.31,50.42,0.84,13.1,1,677900,586900,351663,0.74,2.2,100.66,216.46,380.62,43.94
24-11-2017,619,166.78,37.43,0.63,9.04,1,677900,586900,351663,0.74,2.21,109.29,206.83,360.29,45.99
25-11-2017,602,220.39,41.76,0.65,12.12,1,677900,586900,351663,0.74,2.99,110.51,237.92,416.79,50.06
26-11-2017,477,289.17,57.58,0.77,15.71,1,677900,586900,351663,0.74,4.3,118.43,256.33,450.47,43.53
27-11-2017,230,266.59,56.07,0.82,13.53,1,677900,586900,351663,0.74,3.02,110.36,264.92,454.62,44.1
28-11-2017,135,271.57,51.94,0.74,14.69,1,677900,586900,351663,0.74,2.44,108.66,239.33,454.25,48.43
29-11-2017,165,219.47,57.2,0.54,14.73,1,677900,586900,351663,0.74,3.54,140.93,261.71,471.54,33.27
30-11-2017,142,249.04,60.5,0.6,14.25,1,677900,586900,351663,0.74,5.14,125.58,274.58,471.04,24.44
01-12-2017,124,250.39,57.74,0.62,12.89,1,677900,586900,351663,0.74,2.34,124.45,248.83,436.08,36.77
02-12-2017,80,245.09,56.42,0.47,11.99,1,677900,586900,351663,0.74,3.35,128.21,272.75,457.58,33.41
03-12-2017,23,237.04,61.23,0.48,11.64,1,677900,586900,351663,0.74,3.88,154.74,313.92,527.42,31.51
04-12-2017,19,255.55,61.88,0.49,12.66,1,677900,586900,351663,0.74,4.92,144.45,322.79,566.17,19.17
05-12-2017,21,259.5,59.19,0.68,15.47,1,677900,586900,351663,0.74,3.78,148.63,278.75,502.5,35.62
06-12-2017,40,202.49,29.05,0.93,12.87,1,677900,586900,351663,0.74,2.05,103.32,157.62,288.83,48.75
07-12-2017,105,252.71,31.31,1.43,16.52,1,677900,586900,351663,0.74,1.7,98.11,128.95,247.5,45.47
08-12-2017,76,253.51,38.49,1.29,14.74,1,677900,586900,351663,0.74,2.31,108.77,169.33,296.38,53.01
09-12-2017,50,265.45,52.95,0.63,12.72,1,677900,586900,351663,0.74,2.41,122.86,226.35,366.62,48.69
10-12-2017,21,235.8,59.1,0.5,12.42,1,677900,586900,351663,0.74,3.69,146.33,263.67,445,45.77
11-12-2017,1,187.36,68.64,0.72,12.78,1,677900,586900,351663,0.74,4.41,124.65,215.25,353.17,28.07
12-12-2017,1,213.85,81.81,0.93,13.7,1,677900,586900,351663,0.74,2.68,71.62,120.04,172.17,14.04
13-12-2017,0,255.15,78.33,0.82,12.69,1,677900,586900,351663,0.74,2.19,62.46,157.11,232.66,17.06
14-12-2017,2,241.17,78.28,1.4,10.71,1,677900,586900,351663,0.74,2,60.84,143,227.87,14.78
15-12-2017,0,250.84,75.25,1.5,9.68,1,677900,586900,351663,0.74,0.56,56.66,162.41,248.12,20.92
16-12-2017,18,NaN,NaN,NaN,NaN,1,677900,586900,351663,0.74,NaN,NaN,NaN,NaN,NaN
17-12-2017,58,240.57,42.24,2.08,15.67,1,677900,586900,351663,0.74,3.33,69.46,106.14,200.45,36.93
18-12-2017,60,247.18,48.14,1.61,14.22,1,677900,586900,351663,0.74,1.5,77.09,138.04,220.25,36.3
19-12-2017,27,243.24,57.96,1.05,12.56,1,677900,586900,351663,0.74,2.02,90.56,204.08,344.79,57.22
20-12-2017,11,166.57,50.51,0.48,10.51,1,677900,586900,351663,0.74,2.43,98.14,292.54,510.92,57.38
21-12-2017,9,252.94,67.65,0.83,14.86,1,677900,586900,351663,0.74,2.23,90.98,300.17,528.71,40.83
22-12-2017,42,248.36,56.56,1.36,15.13,1,677900,586900,351663,0.74,NaN,71.38,171.79,313.04,44.08
23-12-2017,54,247.59,52.88,1.29,13.84,1,677900,586900,351663,0.74,2.98,66.87,161,266.12,43.3
24-12-2017,19,233.64,65.03,0.61,10.89,1,677900,586900,351663,0.74,2.17,77.78,254.38,420,37.24
25-12-2017,33,257.77,69.38,0.81,10.79,1,677900,586900,351663,0.74,3.09,74.48,279.62,439.92,26.36
26-12-2017,10,242.33,66.89,0.7,10.49,1,677900,586900,351663,0.74,2.56,75.53,226.29,381.88,43.28
27-12-2017,8,255.67,65.4,0.66,11.76,1,677900,586900,351663,0.74,2.35,78.62,227.08,402.25,43.35
28-12-2017,53,249.12,64.29,0.74,11.78,1,677900,586900,351663,0.74,3.17,90.62,291,481.75,37.97
29-12-2017,29,248.43,66.11,0.64,11.26,1,677900,586900,351663,0.74,2.13,94.69,248.54,445.88,56.78
30-12-2017,9,252.47,71.42,0.59,10.61,1,677900,586900,351663,0.74,2.86,85.8,286.46,480.62,29.12
31-12-2017,6,239.69,71.52,0.57,10.07,1,677900,586900,351663,0.74,2.88,65.92,242.58,425.53,10.58
01-09-2018,0,163.16,92.78,0.74,NaN,1,750962,657470,382052,0.743,1.26,14.16,58.23,120.08,16.24
02-09-2018,0,139.22,97.39,0.85,NaN,1,750962,657470,382052,0.743,1.02,12.46,48.3,84.86,15.56
03-09-2018,0,103.34,97.62,0.58,NaN,1,750962,657470,382052,0.743,1.25,17.49,57.48,86.02,17.09
04-09-2018,1,174.58,95.18,0.58,NaN,1,750962,657470,382052,0.743,1.12,14.06,61.94,90.35,16.45
05-09-2018,0,222.38,87.47,0.8,NaN,1,750962,657470,382052,0.743,1,11.38,46.89,104.26,17.27
06-09-2018,0,252.93,81.18,0.99,NaN,1,750962,657470,382052,0.743,0.83,11.9,46.36,130.34,15.74
07-09-2018,2,131.71,86.21,0.69,NaN,1,750962,657470,382052,0.743,1.25,18.42,52.15,89.4,17.08
08-09-2018,2,62.17,84.28,1.25,NaN,1,750962,657470,382052,0.743,0.86,11.33,51.47,84.1,15.76
09-09-2018,3,138.65,81.13,1.42,NaN,1,750962,657470,382052,0.743,0.61,6.81,34.35,46.43,16.83
10-09-2018,1,170.02,82.43,0.79,NaN,1,750962,657470,382052,0.743,0.69,7.76,37.09,67.76,16.9
11-09-2018,1,258.14,77.6,1.22,NaN,1,750962,657470,382052,0.743,0.72,9.54,34.87,87.76,18.17
12-09-2018,4,259.66,72.54,1.89,NaN,1,750962,657470,382052,0.743,0.65,10.01,32.04,135.48,15.91
13-09-2018,3,258.29,64.95,1.81,NaN,1,750962,657470,382052,0.743,0.65,8.43,36.44,154.7,16.93
14-09-2018,3,257.15,64.96,1.08,NaN,1,750962,657470,382052,0.743,0.99,10.34,41.86,136.55,19.01
15-09-2018,11,246.24,61.37,0.98,NaN,1,750962,657470,382052,0.743,1.05,14.71,46.18,132.04,16.9
16-09-2018,6,239.65,64.42,0.92,NaN,1,750962,657470,382052,0.743,0.52,19.59,49.48,140.58,17.16
17-09-2018,4,269.27,67.01,0.66,NaN,1,750962,657470,382052,0.743,0.75,8.65,60.17,184.57,16.07
18-09-2018,4,244.94,61.36,0.83,NaN,1,750962,657470,382052,0.743,0.81,12.51,60.86,208.53,17.1
19-09-2018,7,230.59,60.58,0.69,NaN,1,750962,657470,382052,0.743,0.98,18.82,64.9,213.72,17.65
20-09-2018,23,100.15,61.26,0.79,NaN,1,750962,657470,382052,0.743,1.37,47.5,88.31,222.8,16.98
21-09-2018,41,121.73,66.64,1.5,NaN,1,750962,657470,382052,0.743,0.74,27.65,43.27,99.54,17.84
22-09-2018,0,82.35,91.86,1.67,NaN,1,750962,657470,382052,0.743,0.77,28.93,27.89,54.08,16.13
23-09-2018,0,118.52,91.73,1.91,NaN,1,750962,657470,382052,0.743,0.72,21.95,33.49,59.3,16.36
24-09-2018,1,177.52,97.6,1.39,NaN,1,750962,657470,382052,0.743,0.66,78.87,22.74,36.11,16.43
25-09-2018,2,265.53,95.91,0.78,NaN,1,750962,657470,382052,0.743,0.89,40.56,31.03,58.35,16.62
26-09-2018,1,249.67,84.1,0.74,NaN,1,750962,657470,382052,0.743,0.69,53.47,48.59,116.03,18.21
27-09-2018,3,176.39,80.68,0.55,NaN,1,750962,657470,382052,0.743,2.54,59.15,85.76,188.68,17.81
28-09-2018,1,189.24,70.66,0.58,NaN,1,750962,657470,382052,0.743,2.92,61.94,96.5,202.82,18.67
29-09-2018,6,232.75,68.77,0.66,NaN,1,750962,657470,382052,0.743,1.83,77.07,83.68,217.62,14.08
30-09-2018,14,253.1,69.51,0.63,NaN,1,750962,657470,382052,0.743,1.5,63.62,71.76,164.15,16.98
01-10-2018,23,206.78,67.19,0.52,NaN,1,750962,657470,382052,0.743,1.9,76.59,87.98,215.34,18.01
02-10-2018,29,198.63,66.12,0.62,NaN,1,750962,657470,382052,0.743,1.19,68.49,83.74,193.33,13.62
03-10-2018,7,172.63,55.92,0.5,NaN,1,750962,657470,382052,0.743,1.85,87.96,66.64,164.58,18.31
04-10-2018,51,132.23,63.6,0.71,NaN,1,750962,657470,382052,0.743,1.76,92.25,100.06,233.52,16.47
05-10-2018,80,112.31,62.08,0.71,NaN,1,750962,657470,382052,0.743,2.1,115.4,130.81,284.85,17.03
06-10-2018,146,215.35,57.99,0.59,NaN,1,750962,657470,382052,0.743,1.81,81.43,100.29,247.35,17.61
07-10-2018,260,163.2,54.92,0.57,NaN,1,750962,657470,382052,0.743,1.96,87.73,100.46,259.4,19.72
08-10-2018,68,121.28,52.98,0.62,NaN,1,750962,657470,382052,0.743,2.35,107.01,145.1,338.55,19.6
09-10-2018,91,134.48,52.82,0.98,NaN,1,750962,657470,382052,0.743,2.44,80.83,129.85,290.69,22.32
10-10-2018,52,132.1,63.95,1.24,NaN,1,750962,657470,382052,0.743,1.37,79.94,93.71,217.91,18.92
11-10-2018,103,117.57,62.75,1.38,NaN,1,750962,657470,382052,0.743,1.16,59.52,71.28,203.01,18.91
12-10-2018,194,77.71,53.18,0.83,NaN,1,750962,657470,382052,0.743,1.72,81.1,91.42,220.24,23.74
13-10-2018,198,222.11,54.79,0.57,NaN,1,750962,657470,382052,0.743,1.58,68.51,124.47,366.88,20.12
14-10-2018,203,228.15,53.56,0.78,NaN,1,750962,657470,382052,0.743,1.5,62.87,104.35,NaN,20.32
15-10-2018,197,157.29,52.94,0.69,NaN,1,750962,657470,382052,0.743,2.31,77.92,136.89,401.98,22.43
16-10-2018,269,152.58,56.19,0.57,NaN,1,750962,657470,382052,0.743,2.7,76.56,138.91,323.09,17.8
17-10-2018,527,160.85,48.81,0.62,NaN,1,750962,657470,382052,0.743,2.21,61.34,144.76,337.23,17.63
18-10-2018,508,142.24,54.59,0.79,NaN,1,750962,657470,382052,0.743,2.7,62.19,134.48,306.28,18.59
19-10-2018,433,152.22,53.45,0.56,NaN,1,750962,657470,382052,0.743,1.58,104.91,143.71,305.77,16.5
20-10-2018,651,146.71,44.38,0.54,NaN,1,750962,657470,382052,0.743,1.64,126.4,173.93,328.85,20.93
21-10-2018,832,166.49,43.1,0.61,NaN,1,750962,657470,382052,0.743,NaN,104.56,156.96,320.9,21.61
22-10-2018,762,234.57,47.14,0.69,NaN,1,750962,657470,382052,0.743,3.02,105.06,124.82,287.08,20.79
23-10-2018,1032,193.03,46.68,0.6,NaN,1,750962,657470,382052,0.743,2.37,110.37,141.24,361.51,17.77
24-10-2018,965,105.21,50.44,0.66,NaN,1,750962,657470,382052,0.743,3.11,125.51,188.36,388.54,15.47
25-10-2018,1076,87.11,54.11,0.7,NaN,1,750962,657470,382052,0.743,3.36,120.59,177.28,389.45,15.1
26-10-2018,1425,111.42,59.14,0.5,NaN,1,750962,657470,382052,0.743,3.43,65.6,188.67,392.07,11.66
27-10-2018,2063,153.07,62.01,0.52,NaN,1,750962,657470,382052,0.743,3.13,53.32,224.41,411.7,9.57
28-10-2018,3174,195.44,62.54,0.59,NaN,1,750962,657470,382052,0.743,1.54,42.93,233.95,405.23,9.48
29-10-2018,1446,192.03,63.99,0.48,NaN,1,750962,657470,382052,0.743,3.87,50.7,289.06,473.46,8.94
30-10-2018,1455,148.32,63.06,0.54,NaN,1,750962,657470,382052,0.743,2.81,56.64,263.43,479.66,6.97
31-10-2018,2924,143.76,66.5,0.53,NaN,1,750962,657470,382052,0.743,2.96,48.16,231.85,422.71,5.77
01-11-2018,3668,121.21,64.73,0.65,NaN,1,750962,657470,382052,0.743,2.97,53.59,226.27,404.82,6.99
02-11-2018,3795,110.6,55.75,0.88,NaN,1,750962,657470,382052,0.743,2.44,55.87,210.42,368.08,5.69
03-11-2018,1188,105.22,58.78,1.42,NaN,1,750962,657470,382052,0.743,1.1,55.29,170.43,305.51,6.11
04-11-2018,998,196.74,56.48,1.07,NaN,1,750962,657470,382052,0.743,0.77,53.31,101.39,173.72,5.2
05-11-2018,3148,267.02,68.1,0.84,NaN,1,750962,657470,382052,0.743,1.36,82.04,351.61,493.06,6.24
06-11-2018,3356,275.68,42.62,0.79,NaN,1,750962,657470,382052,0.743,1,59.08,183.1,326.03,4.31
07-11-2018,4518,240.5,39.98,0.75,NaN,1,750962,657470,382052,0.743,1.79,51.19,230.82,345.52,12.19
08-11-2018,4828,143.01,55.28,0.41,NaN,1,750962,657470,382052,0.743,2.42,65.61,399.5,565,14.33
09-11-2018,2195,152.62,63.16,0.45,NaN,1,750962,657470,382052,0.743,2.7,68.5,298.17,376.55,8.36
10-11-2018,1833,148.15,69.5,0.53,NaN,1,750962,657470,382052,0.743,3.11,88.41,321.36,569.37,6.65
11-11-2018,1610,153.85,61.84,0.49,NaN,1,750962,657470,382052,0.743,2.79,99.33,226.64,424.85,6.99
12-11-2018,1403,106.49,67.04,0.62,NaN,1,750962,657470,382052,0.743,2.42,145.14,291.08,498.43,7.29
13-11-2018,1713,121.47,67.94,0.78,NaN,1,750962,657470,382052,0.743,2.16,134.98,254.06,420.92,5.36
14-11-2018,969,134.54,71.62,0.93,NaN,1,750962,657470,382052,0.743,2.04,89.18,129.69,215.14,5.48
15-11-2018,1638,197.15,71.24,0.75,NaN,1,750962,657470,382052,0.743,1.25,87.4,102.85,182.55,3.89
16-11-2018,1476,273,56.23,1.06,NaN,1,750962,657470,382052,0.743,0.93,87.09,142.83,242.38,4
17-11-2018,1192,247.82,56.24,0.7,NaN,1,750962,657470,382052,0.743,2.23,98.7,143.09,272.49,5.41
18-11-2018,1760,145.28,59.61,0.81,NaN,1,750962,657470,382052,0.743,2.14,94.81,152.94,272.35,5.65
19-11-2018,931,127.29,56.48,1.22,NaN,1,750962,657470,382052,0.743,1.45,104.63,173.45,297.03,4.76
20-11-2018,378,215.54,57.16,0.55,NaN,1,750962,657470,382052,0.743,2.03,116.5,216.97,380.53,6.16
21-11-2018,598,219.91,56.54,0.67,NaN,1,750962,657470,382052,0.743,1.79,109.64,223.85,366.2,6.47
22-11-2018,446,164.65,48.75,0.47,NaN,1,750962,657470,382052,0.743,2.23,138.32,134.25,303.88,7.98
23-11-2018,528,233.69,48.51,0.64,NaN,1,750962,657470,382052,0.743,1.44,113.57,167.02,305.72,5.91
24-11-2018,308,250.55,47.71,1.06,NaN,1,750962,657470,382052,0.743,1.13,87.16,106.06,257.57,5.81
25-11-2018,168,219.64,51.86,0.61,NaN,1,750962,657470,382052,0.743,1.49,106.47,122.46,262.41,7.6
26-11-2018,99,204.15,66.18,0.58,NaN,1,750962,657470,382052,0.743,1.33,116.29,223.05,394.76,12.16
27-11-2018,1,161.57,54.91,0.72,NaN,1,750962,657470,382052,0.743,3.02,91.71,189.7,339.93,6.9
28-11-2018,93,149.95,66.17,0.52,NaN,1,750962,657470,382052,0.743,2.98,94.34,193.9,355.29,7.3
29-11-2018,57,205.33,70.95,0.57,NaN,1,750962,657470,382052,0.743,1.68,107.89,184.21,354.98,4.87
30-11-2018,59,226.62,63.82,0.61,NaN,1,750962,657470,382052,0.743,1.74,109.03,187.01,324.98,5.7
01-12-2018,21,217.95,59.16,0.78,NaN,1,750962,657470,382052,0.743,2.45,99.57,171.3,351.51,6.67
02-12-2018,44,186.99,55.76,0.52,NaN,1,750962,657470,382052,0.743,2.71,93.66,187.04,335.56,7.32
03-12-2018,26,181.64,60.56,0.57,NaN,1,750962,657470,382052,0.743,3.07,112.73,214.82,412.05,6.49
04-12-2018,19,186.29,65.41,0.54,NaN,1,750962,657470,382052,0.743,1.88,115.81,217.52,411.05,4.93
05-12-2018,27,193.55,66.94,0.72,NaN,1,750962,657470,382052,0.743,0.76,100.13,216.44,385.92,5.97
06-12-2018,19,174.8,66.95,0.46,NaN,1,750962,657470,382052,0.743,3.72,115.07,226.78,411.64,5.28
07-12-2018,15,215.42,66.54,0.54,NaN,1,750962,657470,382052,0.743,2.86,93.39,226.22,388.61,6.27
08-12-2018,16,177.49,79.19,0.59,NaN,1,750962,657470,382052,0.743,2.61,104.03,255.54,416.18,5.69
09-12-2018,28,147.94,54.98,0.54,NaN,1,750962,657470,382052,0.743,3.52,110.84,286.52,484.98,7.84
10-12-2018,12,127.78,65.37,0.81,NaN,1,750962,657470,382052,0.743,2.59,98.11,328.22,516.05,5.8
11-12-2018,10,141.89,69.62,0.66,NaN,1,750962,657470,382052,0.743,3.69,99.35,321.78,506.73,10.61
12-12-2018,0,116.13,68.8,0.97,NaN,1,750962,657470,382052,0.743,2.23,80.72,196.67,297.49,12.67
13-12-2018,10,200.13,71.49,0.93,NaN,1,750962,657470,382052,0.743,1.8,74.15,106.16,197.12,13.93
14-12-2018,19,277.14,72.18,0.77,NaN,1,750962,657470,382052,0.743,1.51,77.47,128.53,243.61,14.33
15-12-2018,32,273.37,67.79,0.91,NaN,1,750962,657470,382052,0.743,0.88,77.81,136.36,231.06,15
16-12-2018,25,226.89,63.03,0.71,NaN,1,750962,657470,382052,0.743,NaN,81.39,168.59,285.85,16.28
17-12-2018,23,212.41,60.22,0.63,NaN,1,750962,657470,382052,0.743,4.03,98.33,227.21,391.15,19.43
18-12-2018,22,246.01,57.18,0.7,NaN,1,750962,657470,382052,0.743,1.51,102.64,190.46,325.54,24.18
19-12-2018,27,222.21,60.15,0.66,NaN,1,750962,657470,382052,0.743,2.37,102.75,175.34,368.62,23.78
20-12-2018,43,191.7,64.01,0.52,NaN,1,750962,657470,382052,0.743,3.03,98.83,266.55,422.3,21.33
21-12-2018,26,209.28,67.39,0.64,NaN,1,750962,657470,382052,0.743,3,100.23,297.15,421.72,19.5
22-12-2018,26,153.99,68.98,0.54,NaN,1,750962,657470,382052,0.743,3.45,129.75,362.99,540.46,22.13
23-12-2018,21,138.63,72.44,0.67,NaN,1,750962,657470,382052,0.743,2.29,85.85,447.97,543.8,20.33
24-12-2018,21,180.52,72.77,0.53,NaN,1,750962,657470,382052,0.743,3.45,98.71,412.67,579.45,19.15
25-12-2018,27,255.81,72.79,0.74,NaN,1,750962,657470,382052,0.743,1.22,87.68,291.65,412.56,15.42
26-12-2018,52,220.68,66.37,0.66,NaN,1,750962,657470,382052,0.743,2.6,90.46,258.48,330.7,20.9
27-12-2018,36,196.72,59.61,0.66,NaN,1,750962,657470,382052,0.743,2.79,78.71,273.17,409.72,19.11
28-12-2018,15,251.11,67.21,0.83,NaN,1,750962,657470,382052,0.743,0.68,60.62,260.29,386.25,19.29
29-12-2018,23,226.45,63.84,0.72,NaN,1,750962,657470,382052,0.743,1.16,59.49,269.62,356.16,22.81
30-12-2018,20,180.99,63.22,0.58,NaN,1,750962,657470,382052,0.743,3.33,62.26,353.85,527.19,22.24
31-12-2018,56,116.17,74.12,0.46,NaN,1,750962,657470,382052,0.743,1.89,46.75,328.2,482.03,19.51
01-09-2019,1,153.88,76.43,1.12,27.71,1,830872,736717,414710,0.746,1.57,42.79,33.14,77.12,5.97
02-09-2019,4,222.78,68.96,0.79,29.88,1,830872,736717,414710,0.746,1.75,47.29,53,105.62,20.06
03-09-2019,3,261.98,71.61,0.61,29.74,1,830872,736717,414710,0.746,1.74,55.8,77.58,166.29,15.27
04-09-2019,0,183.44,72.99,1.06,29.67,1,830872,736717,414710,0.746,1.76,54.04,69.61,165.85,6.45
05-09-2019,2,118.9,69.54,1.33,30.03,1,830872,736717,414710,0.746,1.62,35.46,33.19,84.26,4.71
06-09-2019,3,141.26,67.12,1.33,30.56,1,830872,736717,414710,0.746,1.61,34.35,42.55,87.64,6.01
07-09-2019,1,146.08,72.39,1.43,29.07,1,830872,736717,414710,0.746,1.57,32.03,34.47,76.67,5.84
08-09-2019,2,208.31,68.81,0.93,30.04,1,830872,736717,414710,0.746,1.8,39.48,47.96,104.42,6.36
09-09-2019,5,266.93,66.94,0.79,30.35,1,830872,736717,414710,0.746,1.88,46.24,68.14,156.27,6.74
10-09-2019,5,261.07,64.97,0.7,30.33,1,830872,736717,414710,0.746,1.93,51.57,65.07,165.91,6.52
11-09-2019,7,230.24,64.83,0.7,31,1,830872,736717,414710,0.746,2.16,55.7,69.39,210.4,6.58
12-09-2019,3,130.9,66.93,1.56,30.99,1,830872,736717,414710,0.746,1.54,38.52,58.79,135.54,5.42
13-09-2019,11,121.92,64.42,1.44,30.97,1,830872,736717,414710,0.746,1.51,32.01,33.61,75.87,8.38
14-09-2019,6,132.73,64.89,1.69,30.17,1,830872,736717,414710,0.746,1.54,27.67,30.52,65.08,6.06
15-09-2019,11,179.61,75.99,1.02,27.88,1,830872,736717,414710,0.746,1.66,28.66,43.87,75.62,7.11
16-09-2019,5,260.92,71.25,0.67,29.14,1,830872,736717,414710,0.746,1.84,49.71,58.41,136.08,6.3
17-09-2019,38,233.26,67.98,0.77,29.17,1,830872,736717,414710,0.746,1.59,53.87,50.84,136.82,5.06
18-09-2019,35,133.54,62.49,1.65,29.02,1,830872,736717,414710,0.746,1.46,33.74,39.22,86.88,5.04
19-09-2019,1,120.92,67.53,1.9,27.18,1,830872,736717,414710,0.746,1.53,29.33,25.62,56.38,7.93
20-09-2019,4,182.07,67.81,1.03,27.61,1,830872,736717,414710,0.746,1.59,35.72,42.31,86.55,6.68
21-09-2019,46,207.4,72.91,0.91,26.84,1,830872,736717,414710,0.746,1.61,35.3,40.8,91.43,6.59
22-09-2019,56,163.21,78.13,1.25,24.35,1,830872,736717,414710,0.746,1.49,35.26,27.54,57.59,5.66
23-09-2019,73,159.55,70.76,1.14,26.11,1,830872,736717,414710,0.746,1.51,36.64,35.1,73.33,5.49
24-09-2019,90,188.75,70.18,1.04,26.39,1,830872,736717,414710,0.746,1.4,42,40.4,86.76,6.36
25-09-2019,44,151.14,67.89,1.24,27.24,1,830872,736717,414710,0.746,1.25,41.8,27.93,70.09,6.2
26-09-2019,19,127.48,67.01,1.77,27.55,1,830872,736717,414710,0.746,0.82,23.07,20.58,56.88,5.34
27-09-2019,13,139.21,69.97,1.73,26.15,1,830872,736717,414710,0.746,0.71,4.82,9.56,43.68,0.87
28-09-2019,14,140.42,70.41,1.54,25.9,1,830872,736717,414710,0.746,0.84,12.54,19,59.02,3.18
29-09-2019,3,128.5,71.95,1.63,25.4,1,830872,736717,414710,0.746,0.73,NaN,12.78,40.28,3.25
30-09-2019,6,129.74,72.23,1.38,25.52,1,830872,736717,414710,0.746,1.61,0.4,21.9,61.72,3.38
01-10-2019,3,137.42,71.17,1.37,26.03,1,830872,736717,414710,0.746,0.77,0.92,29.01,73.32,5.27
02-10-2019,31,292.32,84.6,0.3,21.52,1,830872,736717,414710,0.746,1.52,0.27,40.04,108.98,4.69
03-10-2019,45,212.67,61,1.03,28.22,1,830872,736717,414710,0.746,0.95,0.65,51.73,135.54,4.06
04-10-2019,35,263.43,72.52,1.18,24.24,1,830872,736717,414710,0.746,1.23,42.33,41.73,106.27,4.11
05-10-2019,42,286.68,62.43,1.28,24.36,1,830872,736717,414710,0.746,1.62,47.66,37.97,134.15,4.51
06-10-2019,21,286.24,62.32,1.19,25.06,1,830872,736717,414710,0.746,0.85,54.53,56.03,150.66,3.06
07-10-2019,45,281.74,60.72,1.64,25.41,1,830872,736717,414710,0.746,0.86,47.95,51.33,138.06,3.07
08-10-2019,134,271.64,59.07,1.21,24.28,1,830872,736717,414710,0.746,1.22,43.01,37.58,138.02,4.26
09-10-2019,162,234.36,62.29,0.72,24.14,1,830872,736717,414710,0.746,1.74,58.41,68.03,183.57,4.63
10-10-2019,277,247.1,61.24,0.65,24.4,1,830872,736717,414710,0.746,0.78,69.84,68.92,191.19,4.23
11-10-2019,199,255.47,62.91,0.62,23.91,1,830872,736717,414710,0.746,0.41,74.16,72.92,203.09,5.24
12-10-2019,166,252.91,64.34,0.62,24.35,1,830872,736717,414710,0.746,0.42,67.28,75.93,205.09,4.51
13-10-2019,243,259.9,63.62,0.61,23.82,1,830872,736717,414710,0.746,0.36,64.18,84.11,246.58,4.97
14-10-2019,270,256,64.84,0.64,23.79,1,830872,736717,414710,0.746,0.43,61.21,79.98,265.56,6.57
15-10-2019,474,238.39,64.64,0.53,24.3,1,830872,736717,414710,0.746,1.57,76.04,80.12,275.22,8.8
16-10-2019,289,205.45,66.42,0.6,24.58,1,830872,736717,414710,0.746,0.62,72.77,97,272.05,7.97
17-10-2019,223,181.62,63.81,0.71,24.68,1,830872,736717,414710,0.746,1.36,64.31,86.59,230.16,7.38
18-10-2019,133,172.89,57.77,1.23,25.12,1,830872,736717,414710,0.746,1.18,54.7,61.35,171.94,7.99
19-10-2019,536,252.03,57.6,0.64,23.92,1,830872,736717,414710,0.746,0.68,56.41,59.47,201.57,13.66
20-10-2019,875,271.51,56.75,0.96,23.01,1,830872,736717,414710,0.746,1.11,29.97,50.44,204.88,7.92
21-10-2019,970,265.03,55.36,1.06,22.01,1,830872,736717,414710,0.746,0.15,31.48,63.17,219.83,7.82
22-10-2019,692,259.57,56.49,1.1,20.99,1,830872,736717,414710,0.746,2.32,31.61,56.71,221.33,9.62
23-10-2019,892,257.69,59.13,0.89,21.25,1,830872,736717,414710,0.746,1.88,58.55,80.67,272.75,9.03
24-10-2019,1075,235.98,63.39,0.55,21.55,1,830872,736717,414710,0.746,3.29,96.33,86,324.46,11.1
25-10-2019,1734,222.82,61.39,0.74,21.19,1,830872,736717,414710,0.746,2.51,48.85,85.36,266.04,11.65
26-10-2019,2452,233.48,65.26,0.59,20.82,1,830872,736717,414710,0.746,2.35,33.99,90,311.3,11.24
27-10-2019,2419,270.99,61.59,0.95,21.03,1,830872,736717,414710,0.746,1.09,34.31,188.88,293.92,10.33
28-10-2019,2296,267.28,63.06,0.62,20.88,1,830872,736717,414710,0.746,1.22,51.78,301.65,447.66,14.65
29-10-2019,1499,262.34,68.66,0.53,20.65,1,830872,736717,414710,0.746,2.2,44.41,226.54,445.29,11.99
30-10-2019,3009,254.15,63.77,0.66,21.56,1,830872,736717,414710,0.746,2.53,40.62,210.28,436.06,11.52
31-10-2019,6,270.49,65.29,0.58,20.53,1,830872,736717,414710,0.746,2.4,44.65,214.48,457.8,11.56
01-11-2019,342,241.32,64.12,0.51,22.02,1,830872,736717,414710,0.746,1.1,61.61,317.96,529.17,9.56
02-11-2019,1,246.67,66.7,0.83,21.35,1,830872,736717,414710,0.746,1.4,40.41,264.62,419.17,10.89
03-11-2019,2963,242.83,71.38,0.82,20.31,1,830872,736717,414710,0.746,1.23,37.03,457.62,608.86,11.06
04-11-2019,4889,258.21,62.55,1.1,21.24,1,830872,736717,414710,0.746,1.07,38,192.83,297.04,11.84
05-11-2019,5148,249.78,55.64,1.15,20.83,1,830872,736717,414710,0.746,1.35,36.45,144.11,254.48,13.67
06-11-2019,4309,196.67,56.09,0.74,20.26,1,830872,736717,414710,0.746,1.32,30.23,86.26,192.97,11.49
07-11-2019,154,234.42,71.54,0.63,17.49,1,830872,736717,414710,0.746,1.25,10.64,169.49,287.67,12.17
08-11-2019,438,250.39,67.07,0.55,19.52,1,830872,736717,414710,0.746,1.46,7.55,141.83,247.07,10.15
09-11-2019,1745,269.28,56.73,1.23,20.17,1,830872,736717,414710,0.746,0.88,21.47,124.73,217.38,10.84
10-11-2019,2474,267.54,48.58,0.95,19.11,1,830872,736717,414710,0.746,1.32,29.24,170.81,275.72,12.09
11-11-2019,758,282,51.62,0.75,17.41,1,830872,736717,414710,0.746,1.83,36.59,216.53,363.84,13.36
12-11-2019,600,241.61,57.88,0.72,16.17,1,830872,736717,414710,0.746,1.65,39.93,329.17,498.99,12.85
13-11-2019,11,259.12,61.61,0.53,17.36,1,830872,736717,414710,0.746,1.91,67.37,354.88,531.04,13.26
14-11-2019,1,240.61,68.73,0.45,17.38,1,830872,736717,414710,0.746,2.48,97.72,340.45,513.82,11.23
15-11-2019,103,268.87,63.53,0.84,19.06,1,830872,736717,414710,0.746,1.69,63.03,409.4,569.52,12.35
16-11-2019,74,280.5,56.26,1.95,20.41,1,830872,736717,414710,0.746,0.75,28.14,150.27,268.4,11.89
17-11-2019,416,259.21,52.54,2.14,20.08,1,830872,736717,414710,0.746,0.6,16.86,86.43,162.19,11.23
18-11-2019,541,253.71,61.5,1.24,17.5,1,830872,736717,414710,0.746,1.2,10.64,96,175.58,11.16
19-11-2019,1409,277.73,62.79,0.76,16.23,1,830872,736717,414710,0.746,1.68,9.91,109.25,213.77,12.92
20-11-2019,856,261.28,60.55,0.56,15.98,1,830872,736717,414710,0.746,2.21,20.77,147.71,288.97,13.72
21-11-2019,205,255.3,61.93,0.47,16.12,1,830872,736717,414710,0.746,3.22,67.62,175.72,333.89,14.02
22-11-2019,27,276.33,60.35,0.68,16.73,1,830872,736717,414710,0.746,2.23,38.47,170.03,325.46,12.69
23-11-2019,248,256.8,56.1,1.08,18.58,1,830872,736717,414710,0.746,0.73,26.12,115.61,245.72,11.19
24-11-2019,418,272.12,54.89,1.24,19.43,1,830872,736717,414710,0.746,0.58,24.83,90.46,176.06,12.36
25-11-2019,289,254.41,58.59,0.55,18.03,1,830872,736717,414710,0.746,2.13,50.01,115.77,248.05,16.39
26-11-2019,9,209.11,55.86,0.79,21.32,1,830872,736717,414710,0.746,0.98,50.74,97.79,202.54,11.58
27-11-2019,18,223.79,63.63,1.01,20.07,1,830872,736717,414710,0.746,0.72,46.24,54.64,131.76,12.03
28-11-2019,6,184.42,70.13,1.37,17.98,1,830872,736717,414710,0.746,0.39,18.42,25.91,60.9,11.77
29-11-2019,37,272.6,72.05,0.61,17.53,1,830872,736717,414710,0.746,0.97,40.76,45.92,105.75,13.94
30-11-2019,67,264.89,77.02,0.75,16.13,1,830872,736717,414710,0.746,0.99,38.7,84.79,153.25,9.91
01-12-2019,132,267.69,69.96,0.85,14.52,1,830872,736717,414710,0.746,1.1,39.14,106.55,186.09,11.08
02-12-2019,106,266.16,66.49,0.98,13.72,1,830872,736717,414710,0.746,1.35,50.98,110.93,225.52,11.22
03-12-2019,73,263.29,61.75,0.91,13.75,1,830872,736717,414710,0.746,1.49,48.59,105.76,252.6,13.81
04-12-2019,35,265.12,61.19,0.63,13.83,1,830872,736717,414710,0.746,2.48,55.42,127.56,276.94,12.83
05-12-2019,30,257.27,69.37,0.52,13.46,1,830872,736717,414710,0.746,2.56,70.66,206.46,381.22,12.48
06-12-2019,83,263.63,72.28,0.67,15.08,1,830872,736717,414710,0.746,1.24,59.11,208.56,359.51,11.04
07-12-2019,82,253.99,71.5,0.48,14.96,1,830872,736717,414710,0.746,2.31,54.88,227.12,402.47,14.87
08-12-2019,69,273.88,69.97,0.56,14.44,1,830872,736717,414710,0.746,1.7,52.97,200.79,332.21,9.1
09-12-2019,10,273.77,67.01,0.6,13.95,1,830872,736717,414710,0.746,2.42,45.55,176.6,335.99,12.93
10-12-2019,25,269.83,68.24,0.6,13.31,1,830872,736717,414710,0.746,2.38,33.73,234.48,417.27,13.6
11-12-2019,0,231.5,70.49,0.54,13.82,1,830872,736717,414710,0.746,1.88,46.39,243.68,403.96,12.02
12-12-2019,0,174.46,70.59,1.37,15.65,1,830872,736717,414710,0.746,0.8,55.24,223,372.38,9.73
13-12-2019,1,180.61,83.41,1.44,14.53,1,830872,736717,414710,0.746,0.48,31.79,80.25,112.25,10.87
14-12-2019,0,250.01,77.49,0.68,13.92,1,830872,736717,414710,0.746,0.98,35.82,72.67,129.96,13.25
15-12-2019,4,257.26,75.62,1.06,14.34,1,830872,736717,414710,0.746,0.41,30.99,78.43,137.26,11.04
16-12-2019,0,264.38,81.28,1.74,11.36,1,830872,736717,414710,0.746,0.42,24.95,75.79,124.8,11.29
17-12-2019,6,266.84,77.24,1.34,10.57,1,830872,736717,414710,0.746,0.83,23.9,82.01,145.18,11.04
18-12-2019,5,256.91,73.64,1.11,11.52,1,830872,736717,414710,0.746,1.91,33.44,139.14,238.59,13.17
19-12-2019,1,215.76,82.42,0.61,9.4,1,830872,736717,414710,0.746,1.42,20.73,214.93,355.55,11.42
20-12-2019,0,230.49,80.24,0.66,11.85,1,830872,736717,414710,0.746,1.24,40.72,238.34,386.67,13.08
21-12-2019,12,262.7,79.25,0.92,13.16,1,830872,736717,414710,0.746,0.98,43.16,197.93,332.01,12.8
22-12-2019,1,276.24,82.12,1.57,11.06,1,830872,736717,414710,0.746,0.62,17.85,109.66,185.93,10.25
23-12-2019,1,261.09,78.32,1.12,9.66,1,830872,736717,414710,0.746,1.24,32.62,153.8,276.38,13.33
24-12-2019,3,229.13,77.07,0.71,10.1,1,830872,736717,414710,0.746,1.4,57.69,220.44,420.45,10.93
25-12-2019,1,271.6,79.93,1.52,8.52,1,830872,736717,414710,0.746,0.76,31.96,131.72,252.44,9.16
26-12-2019,3,269.12,75.44,1.13,8.36,1,830872,736717,414710,0.746,0.78,35.36,161.56,309.56,9.89
27-12-2019,1,265.91,73.04,0.78,8.16,1,830872,736717,414710,0.746,1.45,41.54,188.98,371.26,10.28
28-12-2019,4,251.65,79.02,0.57,6.15,1,830872,736717,414710,0.746,1.97,15.89,249.7,483.73,13.06
29-12-2019,26,232.08,75.07,0.61,8.56,1,830872,736717,414710,0.746,1.93,9.61,289.02,554.04,10
30-12-2019,0,177.68,85.17,0.85,6.01,1,830872,736717,414710,0.746,1.09,55.46,268.93,484.32,9.04
31-12-2019,2,160.82,71.02,1.31,8.32,1,830872,736717,414710,0.746,0.82,12.09,146,263.39,10.26
01-09-2020,0,152.95,69.01,1.13,27.99,1,798310,708826,391060,NaN,0.98,21.12,11.54,37.55,19.4
02-09-2020,1,215.92,71.48,0.76,28.52,1,798310,708826,391060,NaN,1.24,29.18,12.9,45.16,14.4
03-09-2020,4,134.92,69.58,1.59,29.43,1,798310,708826,391060,NaN,1.35,21.14,17.54,66.21,13.89
04-09-2020,1,159.64,71.43,1.22,29.2,1,798310,708826,391060,NaN,0.77,18.5,19.52,60.91,15.11
05-09-2020,1,220.16,74.11,0.95,28.02,1,798310,708826,391060,NaN,0.46,30.03,18.03,41.97,16.01
06-09-2020,4,246.08,77.22,0.64,27.39,1,798310,708826,391060,NaN,0.58,27.46,18.64,45.33,14.44
07-09-2020,5,231.78,79.25,0.7,27.25,1,798310,708826,391060,NaN,0.64,31.77,29.91,73.68,15.06
08-09-2020,1,262.31,70.39,0.97,28.73,1,798310,708826,391060,NaN,0.64,24.37,20.93,56.2,16.49
09-09-2020,6,268.86,71.37,1.01,29,1,798310,708826,391060,NaN,0.59,24.11,37.34,93.6,14.4
10-09-2020,9,258.13,68.78,1.12,29.16,1,798310,708826,391060,NaN,0.66,15.99,38.72,96.68,14.35
11-09-2020,1,235.24,65.68,0.8,29.27,1,798310,708826,391060,NaN,0.95,68.61,53.02,120.32,14.78
12-09-2020,1,265.06,65.63,0.72,29.51,1,798310,708826,391060,NaN,1.03,82.02,NaN,123.06,15.56
13-09-2020,12,270.09,68.94,0.68,29.53,1,798310,708826,391060,NaN,0.95,46.6,130,117.22,15.3
14-09-2020,1,270.99,70.72,0.7,29.36,1,798310,708826,391060,NaN,1.36,54.86,82.71,134.3,15.68
15-09-2020,7,245.54,68.63,0.8,29.31,1,798310,708826,391060,NaN,1.36,52.61,64.36,115.96,15.95
16-09-2020,0,247.17,65.03,1.1,30.5,1,798310,708826,391060,NaN,0.62,52.03,67.54,136.17,15.53
17-09-2020,7,252.05,61.13,1.35,31.09,1,798310,708826,391060,NaN,0.47,46.1,44.79,104.41,15.73
18-09-2020,31,244.31,61.63,1.41,31.25,1,798310,708826,391060,NaN,0.34,42.54,36.72,83.29,15.34
19-09-2020,38,257.35,66.65,0.83,29.96,1,798310,708826,391060,NaN,0.5,53.95,54.93,96.05,15.12
20-09-2020,78,273.75,64.76,1.22,30.13,1,798310,708826,391060,NaN,0.4,49.38,66.5,109.17,14.82
21-09-2020,47,273.74,63.05,0.86,30.57,1,798310,708826,391060,NaN,0.47,55.44,60.77,110.75,15.57
22-09-2020,41,176.7,65.52,0.99,30.27,1,798310,708826,391060,NaN,0.48,49.75,35.32,69.12,15.81
23-09-2020,60,147.92,64.12,1.11,30,1,798310,708826,391060,NaN,0.42,41.28,23.36,55.47,16.32
24-09-2020,77,190.31,66.45,1,28.77,1,798310,708826,391060,NaN,0.57,44.06,45.35,74.42,15.87
25-09-2020,198,246.68,63.99,1.02,28.58,1,798310,708826,391060,NaN,0.71,45.32,59.42,107,15.84
26-09-2020,119,242.46,65.99,0.89,26.36,1,798310,708826,391060,NaN,0.47,57.07,68.06,126.19,15.34
27-09-2020,82,249.38,57.37,1.09,27.3,1,798310,708826,391060,NaN,0.66,44.8,51.89,101.91,15.93
28-09-2020,56,265,58.59,1.27,27.55,1,798310,708826,391060,NaN,0.34,61.65,69.88,143.69,14.79
29-09-2020,97,254.46,59.98,1.44,27.76,1,798310,708826,391060,NaN,0.36,60.29,72.26,158.28,15.42
30-09-2020,187,254.44,56.04,1.44,27.24,1,798310,708826,391060,NaN,0.51,61.21,64.04,142.8,16.17
01-10-2020,211,253.64,57.41,1.21,26.81,1,798310,708826,391060,NaN,0.74,66.12,71.01,158.4,16.12
02-10-2020,190,244.48,60.09,1.01,26.31,1,798310,708826,391060,NaN,0.61,64.54,80.98,163.03,15.76
03-10-2020,114,259.09,56.21,1.05,25.96,1,798310,708826,391060,NaN,0.78,66.02,83.86,156.72,15.68
04-10-2020,242,253.69,56.29,0.93,24.87,1,798310,708826,391060,NaN,0.66,63.6,79.91,158.4,15.34
05-10-2020,188,260.43,53.09,1.42,25.45,1,798310,708826,391060,NaN,0.68,61.66,82.84,173.74,16.39
06-10-2020,270,248.25,56.24,1.26,24.71,1,798310,708826,391060,NaN,0.88,64.34,84.8,180.07,16.5
07-10-2020,262,256.33,54.95,1.05,25.29,1,798310,708826,391060,NaN,0.7,74.45,95.3,191.98,15.53
08-10-2020,173,259.85,51.45,1.24,26.48,1,798310,708826,391060,NaN,1.14,71.06,88.99,179.49,15.88
09-10-2020,183,245.31,53.73,0.75,25.71,1,798310,708826,391060,NaN,0.94,79.62,91.88,188.56,15.07
10-10-2020,324,248.15,54.92,1,25.94,1,798310,708826,391060,NaN,1.4,73.23,98.4,193.7,15.69
11-10-2020,588,256.73,56.41,0.94,25.4,1,798310,708826,391060,NaN,0.85,74.88,107.79,198.01,15.63
12-10-2020,462,252.77,55.61,0.63,24.85,1,798310,708826,391060,NaN,1.28,67.48,188.07,240.22,16.14
13-10-2020,329,212.03,65,0.56,25.14,1,798310,708826,391060,NaN,1.31,25.12,129.59,231.57,15.53
14-10-2020,604,258.92,64.22,0.43,25.79,1,798310,708826,391060,NaN,1.3,34.33,134.88,232.53,15.69
15-10-2020,731,250.34,49.93,0.79,25.05,1,798310,708826,391060,NaN,1.07,34.22,129.57,234.39,15.18
16-10-2020,809,250.7,46.38,0.63,22.95,1,798310,708826,391060,NaN,1.1,37.24,113.77,213.21,16.07
17-10-2020,1372,245.4,52.55,0.52,22.71,1,798310,708826,391060,NaN,1.08,43.59,136.06,244.99,16.1
18-10-2020,1157,255.96,48.02,0.95,22.91,1,798310,708826,391060,NaN,0.75,36.41,117.03,217.41,15.61
19-10-2020,768,253.32,43.91,1.04,22.75,1,798310,708826,391060,NaN,0.75,37.89,114.99,219.91,15.08
20-10-2020,1160,250.13,44.59,0.82,21.4,1,798310,708826,391060,NaN,1.12,42.21,116.38,228.76,15.56
21-10-2020,1235,232.69,44.92,0.63,22.12,1,798310,708826,391060,NaN,1.48,27.25,114.59,217.61,16.59
22-10-2020,1689,242.2,53.15,0.39,21.27,1,798310,708826,391060,NaN,2.81,36.86,160.59,284.54,19.29
23-10-2020,1235,257.48,53.36,0.56,20.8,1,798310,708826,391060,NaN,1.98,57.82,216.69,382.21,16.17
24-10-2020,910,240.55,54.32,0.79,20.23,1,798310,708826,391060,NaN,1.2,72.68,170.27,306.63,16
25-10-2020,1610,235.67,54.56,0.53,20.36,1,798310,708826,391060,NaN,2.1,78.46,191.86,340.28,15.66
26-10-2020,1790,251.51,42.99,0.8,23.42,1,798310,708826,391060,NaN,0.71,80.32,165.83,298.79,16.84
27-10-2020,2645,256.89,46.64,0.98,20.02,1,798310,708826,391060,NaN,1.08,49.56,177.67,313.21,11.02
28-10-2020,2665,262.67,53.02,0.55,18.22,1,798310,708826,391060,NaN,1.31,67.58,198.04,345.8,15.79
29-10-2020,1677,225.34,56.46,0.35,25.6,1,798310,708826,391060,NaN,1.68,97,236.78,382.23,20.88
30-10-2020,3407,250.28,51.55,0.86,26.59,1,798310,708826,391060,NaN,0.88,71.72,206.6,336.73,12.56
31-10-2020,3832,267.38,45.74,1.19,27.16,1,798310,708826,391060,NaN,0.86,62.36,270.82,418.47,13.76
01-11-2020,3520,253.62,45.32,0.99,24.76,1,798310,708826,391060,NaN,1.12,56.95,241.88,387.75,17.73
02-11-2020,3628,240.27,43.94,0.83,24.11,1,798310,708826,391060,NaN,1.88,60.49,152.72,289.5,18.75
03-11-2020,2553,220.14,45.74,0.72,24.07,1,798310,708826,391060,NaN,2.45,61.31,142.89,266.94,16.65
04-11-2020,4012,231.44,55.58,0.62,23.34,1,798310,708826,391060,NaN,1.51,84.07,314.76,471.8,15.86
05-11-2020,5293,255.39,53.33,0.72,24.54,1,798310,708826,391060,NaN,1.88,90.54,295.95,435.92,20.94
06-11-2020,4327,246.14,53.72,0.67,24.44,1,798310,708826,391060,NaN,1.26,186.44,237.4,387.64,29.15
07-11-2020,5405,263.61,52.6,0.84,24.43,1,798310,708826,391060,NaN,0.79,127.58,335.73,487.48,29.15
08-11-2020,3554,261.41,57.89,0.46,23.08,1,798310,708826,391060,NaN,1.56,136.58,331.83,481.62,44.93
09-11-2020,1590,227.68,64.91,0.48,22.99,1,798310,708826,391060,NaN,2.39,163.23,528.92,698.85,28.63
10-11-2020,3582,214.86,65.69,0.44,23.48,1,798310,708826,391060,NaN,2.34,124.81,512.5,619.66,20.39
11-11-2020,2631,217.1,64.02,0.57,23.92,1,798310,708826,391060,NaN,2.64,32.09,182.67,283.84,19.96
12-11-2020,2038,213.19,63.7,0.44,24.13,1,798310,708826,391060,NaN,2.35,85.33,164.78,264.95,15.59
13-11-2020,1921,238.38,62.01,0.62,23.99,1,798310,708826,391060,NaN,2.1,82.53,200.42,317.59,13.85
14-11-2020,433,226.92,66.08,0.38,22.55,1,798310,708826,391060,NaN,2.28,83.17,415.01,475.69,15.49
15-11-2020,116,166.44,67.36,1.14,24.1,1,798310,708826,391060,NaN,1.17,43.7,297.34,358.99,6.84
16-11-2020,30,177.37,72.57,0.92,24.85,1,798310,708826,391060,NaN,1.51,36.2,92.36,123.76,11.11
17-11-2020,321,261.08,67.4,0.87,23.74,1,798310,708826,391060,NaN,1.52,50.17,94.36,145.6,10.83
18-11-2020,755,261.08,62.4,0.78,22.28,1,798310,708826,391060,NaN,1.81,59.03,129.67,184.46,11.47
19-11-2020,498,256.44,60.6,0.69,20.78,1,798310,708826,391060,NaN,1.84,69.63,141.68,215.32,12.78
20-11-2020,623,265.71,54.19,1.16,21.48,1,798310,708826,391060,NaN,1.51,70.68,160.76,236.78,9.9
21-11-2020,691,264.67,47.54,1.5,21.09,1,798310,708826,391060,NaN,1.45,53.79,134.14,204.31,10.71
22-11-2020,42,250.11,52.34,0.96,18.82,1,798310,708826,391060,NaN,2,57.53,161.69,243.61,16.02
23-11-2020,160,215.81,55.22,0.39,19.23,1,798310,708826,391060,NaN,2.49,89.65,217.46,317.18,18.75
24-11-2020,39,217.94,60,0.44,19.24,1,798310,708826,391060,NaN,2.41,84.07,235.95,333.54,15.58
25-11-2020,0,210.63,65.21,0.53,21.11,1,798310,708826,391060,NaN,1.71,87.62,273.56,376.36,10.92
26-11-2020,28,268.4,59.68,1.07,24.03,1,798310,708826,391060,NaN,1.47,53.06,118.98,175.24,10.66
27-11-2020,140,268.69,55.38,1.17,23.35,1,798310,708826,391060,NaN,1.61,50.97,79.76,136.08,12.19
28-11-2020,209,237.97,56.06,1.03,21.4,1,798310,708826,391060,NaN,1.84,57.18,131.79,203.95,13.82
29-11-2020,136,247.04,56.55,0.67,19.87,1,798310,708826,391060,NaN,1.95,65.64,143.31,217.28,16.78
30-11-2020,54,248.38,60.85,0.75,19.81,1,798310,708826,391060,NaN,2.27,65.91,208.24,290.19,14.72
01-12-2020,66,234.07,63.91,0.58,20.5,1,798310,708826,391060,NaN,2.32,82.62,258.61,355.35,18.85
02-12-2020,65,235.3,61.99,0.81,20.97,1,798310,708826,391060,NaN,1.75,81.8,218.16,301.93,12.85
03-12-2020,69,227.1,62.74,0.62,20.96,1,798310,708826,391060,NaN,2.36,75.33,224.29,311.96,18.01
04-12-2020,68,200.18,67.8,0.5,21.42,1,798310,708826,391060,NaN,2.36,72.5,247,332.51,13.56
05-12-2020,29,169.04,70.8,0.79,22.23,1,798310,708826,391060,NaN,2.06,61.62,278.49,361.97,11.81
06-12-2020,19,202.61,68.29,0.58,23.4,1,798310,708826,391060,NaN,2.05,26.45,245.52,323.16,6.02
07-12-2020,27,253.65,74.17,0.73,22.35,1,798310,708826,391060,NaN,2.38,10.58,328.35,405.4,17.36
08-12-2020,41,245.33,68.39,0.49,21.89,1,798310,708826,391060,NaN,2.35,7.46,251.69,337.49,14.65
09-12-2020,16,248.35,62.77,0.56,22.64,1,798310,708826,391060,NaN,2.24,41.99,212.95,307.71,17.34
10-12-2020,42,245.76,65.57,0.69,22.98,1,798310,708826,391060,NaN,2.08,59.24,157.11,251.25,20.64
11-12-2020,16,183.61,71.24,0.33,22.24,1,798310,708826,391060,NaN,1.69,72.41,168.01,254.47,11.22
12-12-2020,2,222.74,81.63,0.51,21.15,1,798310,708826,391060,NaN,1.91,46.47,238.64,340.79,10.44
13-12-2020,7,274.06,76.1,1.07,19.59,1,798310,708826,391060,NaN,1.08,32.9,116.08,161.66,7.09
14-12-2020,10,275.16,71.14,1.17,17.1,1,798310,708826,391060,NaN,1.38,29.71,86.88,124,8.49
15-12-2020,69,274.09,72.64,0.92,15.74,1,798310,708826,391060,NaN,1.49,20.27,134.04,183.39,25.89
16-12-2020,9,271.91,69.99,1.07,15.76,1,798310,708826,391060,NaN,1.36,8.14,108.25,180.33,8.53
17-12-2020,17,249.54,71.02,1.55,12.69,1,798310,708826,391060,NaN,1.54,8.12,117.91,214.99,9.94
18-12-2020,31,249.78,54.44,1.28,15.47,1,798310,708826,391060,NaN,1.77,10.51,131.41,202.67,10.37
19-12-2020,45,242.06,57.65,1.01,15.15,1,798310,708826,391060,NaN,1.6,12.46,174.22,251.52,13.19
20-12-2020,45,262.62,57.87,0.96,16.66,1,798310,708826,391060,NaN,1.65,10.44,170.11,242.75,16.15
21-12-2020,25,256.42,60.13,0.76,17.14,1,798310,708826,391060,NaN,2.11,9.43,200.29,280.42,26.25
22-12-2020,21,249.61,67.23,0.62,16.79,1,798310,708826,391060,NaN,2.64,7.43,331.1,423.82,23.92
23-12-2020,52,250.08,67.82,0.56,16.8,1,798310,708826,391060,NaN,3.15,8.59,384.62,477.6,22.58
24-12-2020,31,254,69.55,0.69,16.74,1,798310,708826,391060,NaN,2.27,7.11,352.03,446.55,20.97
25-12-2020,59,256.04,64.08,0.99,16.97,1,798310,708826,391060,NaN,2.11,5.9,253.62,337.7,16.96
26-12-2020,46,250.83,67.52,0.74,15.53,1,798310,708826,391060,NaN,2.27,31.3,290.91,382.57,18.84
27-12-2020,21,184.5,64.23,1.33,18.25,1,798310,708826,391060,NaN,1.43,48.29,305.41,405.81,14.84
28-12-2020,6,277.94,43.74,1.21,17.38,1,798310,708826,391060,NaN,1.76,49.96,109.66,259.31,16.58
29-12-2020,6,274.16,58.04,1.18,15.47,1,798310,708826,391060,NaN,1.5,52.69,148.26,283.06,13.79
30-12-2020,15,268.59,72.9,1.32,14.16,1,798310,708826,391060,NaN,1.57,41.84,173.56,230.41,11.59
31-12-2020,18,244.91,75.14,0.57,13.5,1,798310,708826,391060,NaN,1.53,47.32,225.32,269.29,12.23
01-09-2021,1,214.84,95.94,0.61,24.97,1,923967,NaN,401982,NaN,0.55,5.08,15.99,43.47,9.77
02-09-2021,1,226.5,88.06,0.59,28.1,1,923967,NaN,401982,NaN,0.77,4.25,21.17,59.99,8.79
03-09-2021,0,196.18,84.33,1.12,28.98,1,923967,NaN,401982,NaN,0.47,6.44,24.63,51.2,10.27
04-09-2021,1,205.41,87.64,0.82,27.6,1,923967,NaN,401982,NaN,0.63,5.62,24.21,58.95,10.37
05-09-2021,4,232.72,88.24,0.66,28.39,1,923967,NaN,401982,NaN,0.85,4.93,43.18,75.51,9.35
06-09-2021,6,217.26,82.58,0.8,30.62,1,923967,NaN,401982,NaN,0.72,4.53,59.96,92.76,13.45
07-09-2021,4,156.99,84.76,1.1,29.66,1,923967,NaN,401982,NaN,0.6,3.58,29.33,89.31,12.53
08-09-2021,0,112.98,81.52,1.76,29.34,1,923967,NaN,401982,NaN,0.36,3.75,27.3,71.91,10.13
09-09-2021,1,125.06,79.73,1.45,29.94,1,923967,NaN,401982,NaN,0.46,4.48,28.1,81,11.66
10-09-2021,0,129.21,84.44,1.47,27.51,1,923967,NaN,401982,NaN,0.36,5.89,26,59.17,11.85
11-09-2021,0,160.84,88.33,0.91,23.26,1,923967,NaN,401982,NaN,0.26,6.49,15.48,24.29,9.71
12-09-2021,0,169.27,82.52,0.8,25.81,1,923967,NaN,401982,NaN,1.04,2.77,9.15,55.83,13.14
13-09-2021,1,206.89,80.96,0.82,26.33,1,923967,NaN,401982,NaN,0.5,3.65,22.24,75.22,15.79
14-09-2021,4,229.34,74.71,0.86,27.48,1,923967,NaN,401982,NaN,0.42,7,27.47,94.38,17.8
15-09-2021,0,156.35,68.04,1.37,28.21,1,923967,NaN,401982,NaN,0.75,8.17,24.36,56.18,13.93
16-09-2021,4,202.57,84.69,0.69,23.85,1,923967,NaN,401982,NaN,0.44,4.07,19.55,48.84,9.58
17-09-2021,4,221.16,76.06,0.97,25.78,1,923967,NaN,401982,NaN,0.43,6.78,20.97,67.64,10.27
18-09-2021,13,147.94,72.51,1.12,27.48,1,923967,NaN,401982,NaN,0.44,10.36,52,84.04,11.57
19-09-2021,6,157.04,72.94,1.14,28.14,1,923967,NaN,401982,NaN,0.39,4.44,27.38,68.27,10.13
20-09-2021,9,193.54,74.5,0.89,28.17,1,923967,NaN,401982,NaN,0.57,4.47,23.23,71.3,11.28
21-09-2021,1,156.63,78.2,0.98,27.19,1,923967,NaN,401982,NaN,0.31,4.63,17.6,75.3,10.04
22-09-2021,0,138.29,78.32,1.27,25.79,1,923967,NaN,401982,NaN,0.31,5.1,16,65.95,9.16
23-09-2021,1,143.62,75.28,1.63,26.32,1,923967,NaN,401982,NaN,0.32,3.62,17.57,76.8,10.5
24-09-2021,8,208.78,79.94,0.78,25.77,1,923967,NaN,401982,NaN,0.41,6.33,16.86,70.57,11.51
25-09-2021,19,220.16,76.13,0.64,26.89,1,923967,NaN,401982,NaN,0.52,6.78,31.36,105.26,10.53
26-09-2021,21,153.76,74.97,0.81,26.95,1,923967,NaN,401982,NaN,0.36,3.71,35.72,81.95,10.02
27-09-2021,41,238.08,75.49,0.43,27.62,1,923967,NaN,401982,NaN,0.63,6.4,54.56,108.64,11.19
28-09-2021,38,163.22,69.46,0.91,28.87,1,923967,NaN,401982,NaN,0.37,7.47,47.23,105.59,9.86
29-09-2021,73,134.18,67.77,1.15,29.03,1,923967,NaN,401982,NaN,0.38,4.04,32.62,74.31,9.56
30-09-2021,33,165.16,71.53,0.64,28.2,1,923967,NaN,401982,NaN,0.53,17.17,37.76,72.73,11.06
01-10-2021,8,238.63,78.77,0.42,26.9,1,923967,NaN,401982,NaN,0.83,35.28,45.22,87.33,13.75
02-10-2021,6,260.43,73.93,0.61,27.9,1,923967,NaN,401982,NaN,0.67,29.81,31.83,100.05,13.21
03-10-2021,23,232.44,72.5,0.9,27.99,1,923967,NaN,401982,NaN,0.45,24.57,28.94,74.96,10.83
04-10-2021,31,235.29,70.21,0.67,27.96,1,923967,NaN,401982,NaN,0.78,26.9,32,76.03,9.54
05-10-2021,32,216.29,71.79,0.5,27.44,1,923967,NaN,401982,NaN,0.68,30.94,38.61,95.99,6.85
06-10-2021,34,269.29,72.84,0.71,27.38,1,923967,NaN,401982,NaN,0.46,32.31,49.19,95.55,7.2
07-10-2021,98,255.51,71.33,0.74,26.03,1,923967,NaN,401982,NaN,0.72,38.83,65.08,136.94,8.24
08-10-2021,121,245.41,62.71,0.95,27.32,1,923967,NaN,401982,NaN,1.08,44.39,46.35,176.03,11.22
09-10-2021,224,243.23,66.97,0.76,25.57,1,923967,NaN,401982,NaN,1.29,45.52,36.42,182.58,10.74
10-10-2021,296,246.02,67.1,0.69,25.66,1,923967,NaN,401982,NaN,1.18,36.07,35.19,165.62,6.93
11-10-2021,137,251.84,67.36,0.59,25.65,1,923967,NaN,401982,NaN,1.45,40.66,31.18,152.88,9.36
12-10-2021,153,246.78,61.61,0.72,26.24,1,923967,NaN,401982,NaN,0.69,46.38,32.26,165.83,6.75
13-10-2021,253,269.63,53.34,1.16,25.58,1,923967,NaN,401982,NaN,0.31,40.7,36.14,174,4.69
14-10-2021,521,260.76,56.96,1.21,22.75,1,923967,NaN,401982,NaN,0.94,61.91,65.83,179.11,6.73
15-10-2021,1159,252.04,60.66,0.68,23.43,1,923967,NaN,401982,NaN,0.66,57.22,84.77,211.84,9.22
16-10-2021,778,248.48,68.35,0.41,24.48,1,923967,NaN,401982,NaN,0.86,74.11,71.22,279.15,11.86
17-10-2021,16,231.43,82.66,0.55,22.66,1,923967,NaN,401982,NaN,0.42,47.04,44.17,165.83,3.76
18-10-2021,79,250.8,87.22,0.79,19.99,1,923967,NaN,401982,NaN,0.28,29.32,12.25,33.61,3.31
19-10-2021,590,257.76,76.06,1.37,22.73,1,923967,NaN,401982,NaN,0.4,36.87,24.57,86.97,5.32
20-10-2021,1269,242.34,73.17,0.76,21.82,1,923967,NaN,401982,NaN,0.65,50.75,39.09,175.14,7.67
21-10-2021,941,237.79,54.32,1.17,22.82,1,923967,NaN,401982,NaN,0.45,52.52,43.33,177.58,7.56
22-10-2021,1043,235.08,62.93,0.98,22,1,923967,NaN,401982,NaN,0.71,41.52,45.09,133.08,9.26
23-10-2021,806,221.88,69.61,0.69,21.89,1,923967,NaN,401982,NaN,0.56,38.79,27.43,132.47,6.07
24-10-2021,34,197.52,72.03,1.06,20.92,1,923967,NaN,401982,NaN,0.41,35.66,22.97,118.93,6.98
25-10-2021,213,246.96,73.65,0.93,19.36,1,923967,NaN,401982,NaN,0.49,43.77,26.59,91.04,8.58
26-10-2021,527,259.89,71.6,0.82,18.27,1,923967,NaN,401982,NaN,0.67,39.47,62.28,146.48,10.56
27-10-2021,421,258.4,69.92,0.8,17.91,1,923967,NaN,401982,NaN,0.55,60.4,79.5,202.11,7.18
28-10-2021,1132,262.38,70.48,0.73,17.75,1,923967,NaN,401982,NaN,0.64,56.04,50.82,214.68,10.42
29-10-2021,1384,255.74,72.31,0.45,18.23,1,923967,NaN,401982,NaN,0.79,66.34,41.98,224.68,11.41
30-10-2021,1993,255.83,65.97,0.89,18.59,1,923967,NaN,401982,NaN,0.54,66.23,35.98,199.26,6.64
31-10-2021,3080,234.45,66.57,0.71,18.33,1,923967,NaN,401982,NaN,0.75,55.16,55,247.72,14.42
01-11-2021,2458,218.92,69.01,0.59,17.96,1,923967,NaN,401982,NaN,1.11,59.96,145.32,234.95,14.88
02-11-2021,2834,208.93,69.53,0.74,18.66,1,923967,NaN,401982,NaN,0.74,55.18,136.04,200.67,17.63
03-11-2021,2936,222.03,73.27,0.5,22.57,1,923967,NaN,401982,NaN,1.66,57.81,96.5,201.04,13.91
04-11-2021,3537,254.51,76.95,0.38,21.62,1,923967,NaN,401982,NaN,0.89,55.51,220.65,358.62,28.38
05-11-2021,6515,240.06,78.11,0.38,20.7,1,923967,NaN,401982,NaN,0.95,52.39,349.05,453.31,45.03
06-11-2021,4600,242.12,66.44,0.7,21.29,1,923967,NaN,401982,NaN,0.76,72.51,103.73,353.21,25.12
07-11-2021,5020,265.27,68.17,0.59,20.93,1,923967,NaN,401982,NaN,0.72,63.52,134.6,305.39,19.67
08-11-2021,5433,259.37,68.82,0.59,21.15,1,923967,NaN,401982,NaN,0.74,80.14,206.62,339.73,15.5
09-11-2021,4868,275.47,67.08,0.64,21.04,1,923967,NaN,401982,NaN,0.96,75.76,208.79,364.91,19.62
10-11-2021,5833,257.6,68.18,0.48,21.45,1,923967,NaN,401982,NaN,0.91,82.59,210.28,345.03,18.01
11-11-2021,4706,255.51,76.49,0.35,19.23,1,923967,NaN,401982,NaN,1.04,84.38,260.04,405.86,12.79
12-11-2021,3993,250.24,77,0.39,19.69,1,923967,NaN,401982,NaN,1.16,80.03,192.84,522.26,10.87
13-11-2021,4637,252.92,68.98,0.56,19.33,1,923967,NaN,401982,NaN,0.92,79,130.48,377.16,9.73
14-11-2021,2847,244.47,66.38,0.4,18.67,1,923967,NaN,401982,NaN,1.45,73.5,135.64,271.43,13.45
15-11-2021,2579,249.73,69.34,0.41,18.21,1,923967,NaN,401982,NaN,0.92,87.67,168.26,301.21,15.59
16-11-2021,2112,259.42,69.04,0.59,18.15,1,923967,NaN,401982,NaN,0.86,80.56,227.47,344.34,18.05
17-11-2021,889,242.97,70.55,0.42,18.17,1,923967,NaN,401982,NaN,1.21,81.41,228.6,310.9,12.63
18-11-2021,846,238.02,72.1,0.41,19.05,1,923967,NaN,401982,NaN,1.45,85.46,230.93,293.83,10.3
19-11-2021,802,256.22,71.26,0.45,18.69,1,923967,NaN,401982,NaN,1.19,83.63,246.3,306.65,18.49
20-11-2021,592,244.12,69.04,0.42,19.65,1,923967,NaN,401982,NaN,0.94,85.53,246.93,321.76,17.06
21-11-2021,571,259.36,64.22,0.86,18.99,1,923967,NaN,401982,NaN,NaN,72.04,210.29,270.62,9.42
22-11-2021,282,242.78,47.15,1.25,20.86,1,923967,NaN,401982,NaN,0.07,63.96,157.54,257.61,13.28
23-11-2021,189,221.3,60.12,0.68,17.7,1,923967,NaN,401982,NaN,0.48,59.17,177.59,268.66,14.56
24-11-2021,143,236.38,69.09,0.37,18.02,1,923967,NaN,401982,NaN,NaN,73.22,233.15,308.61,12.51
25-11-2021,114,204.6,73.94,0.4,18.04,1,923967,NaN,401982,NaN,3.31,68.69,268.6,308.29,10.1
26-11-2021,124,242.88,73.91,0.34,18.42,1,923967,NaN,401982,NaN,2.56,101.47,NaN,NaN,30.62
27-11-2021,96,210.78,75.45,0.46,18.2,1,923967,NaN,401982,NaN,1.27,57.17,NaN,NaN,13.34
28-11-2021,26,223.57,77.83,0.38,18.8,1,923967,NaN,401982,NaN,1.33,51.91,307,NaN,15.99
29-11-2021,45,256.78,72.08,0.64,18.04,1,923967,NaN,401982,NaN,0.75,70.58,247.5,315.17,17.43
30-11-2021,39,263.69,67.35,0.7,18.5,1,923967,NaN,401982,NaN,0.62,64.89,203.02,290.28,13.36
01-12-2021,2,238.57,75.85,0.32,17.86,1,923967,NaN,401982,NaN,0.89,87.8,256.5,360.06,13.34
02-12-2021,7,238.41,81.03,0.4,17.6,1,923967,NaN,401982,NaN,0.31,61.82,306.05,383.42,10.61
03-12-2021,23,256.46,77.79,0.61,18.44,1,923967,NaN,401982,NaN,0.78,54.99,219.07,277.14,11.25
04-12-2021,37,253.43,72.78,0.5,18.69,1,923967,NaN,401982,NaN,1.55,51.78,200.14,254.52,21.5
05-12-2021,10,223.61,75.82,0.38,19.02,1,923967,NaN,401982,NaN,1.58,60.79,189.93,247.08,28.31
06-12-2021,19,245.65,73.2,0.81,20.3,1,923967,NaN,401982,NaN,1.58,55.35,189.2,245.53,21.81
07-12-2021,32,257.52,69.85,0.79,18.22,1,923967,NaN,401982,NaN,0.7,50.47,129.47,180.35,15.78
08-12-2021,19,248.11,70.03,0.68,16.34,1,923967,NaN,401982,NaN,0.89,58.99,123.92,180.59,21.44
09-12-2021,11,253.92,73.07,0.42,15.99,1,923967,NaN,401982,NaN,0.94,72.14,172.82,239.48,24.14
10-12-2021,16,246.84,71.88,0.63,16.06,1,923967,NaN,401982,NaN,0.5,67.15,158.64,223.57,20.75
11-12-2021,28,252.49,67.39,0.69,15.23,1,923967,NaN,401982,NaN,1.08,59.24,131.64,193.79,21.14
12-12-2021,34,244.37,68.6,0.46,14.63,1,923967,NaN,401982,NaN,1.79,62.25,169.24,231.8,21.67
13-12-2021,39,229.58,73.58,0.47,13.93,1,923967,NaN,401982,NaN,1.95,48.57,228.7,287.02,17.93
14-12-2021,13,223.61,74.61,0.45,14.55,1,923967,NaN,401982,NaN,1.8,54.61,270.49,338.26,17.18
15-12-2021,25,258.91,69.87,0.69,14.8,1,923967,NaN,401982,NaN,1.9,55.67,225.47,293.11,17.14
16-12-2021,13,242.42,66.33,0.66,15.22,1,923967,NaN,401982,NaN,1.85,68.6,236.67,315.31,18.99
17-12-2021,13,270.21,57.1,1.71,15.33,1,923967,NaN,401982,NaN,1.17,50.71,165.57,228.22,14.82
18-12-2021,38,243.34,66.44,1.34,12.19,1,923967,NaN,401982,NaN,0.28,44.65,155.95,216.08,14.24
19-12-2021,33,240.6,61.65,0.96,12.04,1,923967,NaN,401982,NaN,0.54,54.37,157.68,224.42,16.5
20-12-2021,11,257.51,66.07,0.72,11.53,1,923967,NaN,401982,NaN,1.3,63.98,247.09,321.7,20.3
21-12-2021,36,249.42,65.98,0.58,12.51,1,923967,NaN,401982,NaN,1.9,73.92,335.85,410.79,23.95
22-12-2021,34,258.13,67.04,0.51,13.36,1,923967,NaN,401982,NaN,2.1,73.6,365.1,441.93,23.61
23-12-2021,30,226.65,71.87,0.58,13.85,1,923967,NaN,401982,NaN,1.72,62.31,363.81,452.19,21.07
24-12-2021,18,209.44,74.99,0.53,14.32,1,923967,NaN,401982,NaN,1.28,52.18,377.73,450.58,20.41
25-12-2021,5,233.61,76.95,0.34,14.98,1,923967,NaN,401982,NaN,1.44,61.36,425.98,492.88,23.03
26-12-2021,1,207.12,80.29,0.44,16.23,1,923967,NaN,401982,NaN,0.43,57.61,388.93,435.36,18.09
27-12-2021,23,252.86,74.91,0.42,15.95,1,923967,NaN,401982,NaN,0.97,44.18,183.69,217.46,17.92
28-12-2021,22,233.72,81.4,0.33,14.77,1,923967,NaN,401982,NaN,0.49,53.68,162.98,192.28,15.51
29-12-2021,23,259.52,73.1,0.68,13.97,1,923967,NaN,401982,NaN,NaN,44.41,218.88,249.97,20.24
30-12-2021,6,257.69,68.81,0.47,11.47,1,923967,NaN,401982,NaN,3.1,53.47,211.99,271.72,32.47
31-12-2021,14,246.32,68.61,0.67,11.69,1,923967,NaN,401982,NaN,1.21,53.78,210.73,273.51,27.89
